Final_X_Position,Num_Pucks,Spread_Width,Bias_ON,Bias_Strength,Num_Lobes,Symmetry_Type,Symmetry_Strength,Dynamic_Lobes,Field_Force_Profile,Field_Strength,Dynamic_Field,Dynamic_Field_Strength,Dynamic_Symmetry_Strength,Timestamp,Experiment_Notes
3.723690221184544,500,2.0,False,0.0,8,Elliptical,0.6,True,Dynamic,0.05,True,0.1,0.0,2025-05-07 11:41:02,Sweep to detect phase transitions and collapse structure
-3.9314056202049543,500,2.0,False,0.0,8,Elliptical,0.6,True,Dynamic,0.05,True,0.1,0.0,2025-05-07 11:41:02,Sweep to detect phase transitions and collapse structure
4.170173221375744,500,2.0,False,0.0,8,Elliptical,0.6,True,Dynamic,0.05,True,0.1,0.0,2025-05-07 11:41:02,Sweep to detect phase transitions and collapse structure
4.833830954174586,500,2.0,False,0.0,8,Elliptical,0.6,True,Dynamic,0.05,True,0.1,0.0,2025-05-07 11:41:02,Sweep to detect phase transitions and collapse structure
3.9848867962500125,500,2.0,False,0.0,8,Elliptical,0.6,True,Dynamic,0.05,True,0.1,0.0,2025-05-07 11:41:02,Sweep to detect phase transitions and collapse structure
4.038796353891056,500,2.0,False,0.0,8,Elliptical,0.6,True,Dynamic,0.05,True,0.1,0.0,2025-05-07 11:41:02,Sweep to detect phase transitions and collapse structure
0.9483288831702459,500,2.0,False,0.0,8,Elliptical,0.6,True,Dynamic,0.05,True,0.1,0.0,2025-05-07 11:41:02,Sweep to detect phase transitions and collapse structure
3.8426385518518207,500,2.0,False,0.0,8,Elliptical,0.6,True,Dynamic,0.05,True,0.1,0.0,2025-05-07 11:41:02,Sweep to detect phase transitions and collapse structure
3.753147992030116,500,2.0,False,0.0,8,Elliptical,0.6,True,Dynamic,0.05,True,0.1,0.0,2025-05-07 11:41:02,Sweep to detect phase transitions and collapse structure
-4.1334613130573015,500,2.0,False,0.0,8,Elliptical,0.6,True,Dynamic,0.05,True,0.1,0.0,2025-05-07 11:41:02,Sweep to detect phase transitions and collapse structure
1.3383460146038855,500,2.0,False,0.0,8,Elliptical,0.6,True,Dynamic,0.05,True,0.1,0.0,2025-05-07 11:41:02,Sweep to detect phase transitions and collapse structure
-4.81264314956616,500,2.0,False,0.0,8,Elliptical,0.6,True,Dynamic,0.05,True,0.1,0.0,2025-05-07 11:41:02,Sweep to detect phase transitions and collapse structure
-0.20060452372427678,500,2.0,False,0.0,8,Elliptical,0.6,True,Dynamic,0.05,True,0.1,0.0,2025-05-07 11:41:02,Sweep to detect phase transitions and collapse structure
-2.948238581333468,500,2.0,False,0.0,8,Elliptical,0.6,True,Dynamic,0.05,True,0.1,0.0,2025-05-07 11:41:02,Sweep to detect phase transitions and collapse structure
-0.9971247262068097,500,2.0,False,0.0,8,Elliptical,0.6,True,Dynamic,0.05,True,0.1,0.0,2025-05-07 11:41:02,Sweep to detect phase transitions and collapse structure
3.7635156578542857,500,2.0,False,0.0,8,Elliptical,0.6,True,Dynamic,0.05,True,0.1,0.0,2025-05-07 11:41:02,Sweep to detect phase transitions and collapse structure
-4.065908816984777,500,2.0,False,0.0,8,Elliptical,0.6,True,Dynamic,0.05,True,0.1,0.0,2025-05-07 11:41:02,Sweep to detect phase transitions and collapse structure
-3.2362423528596294,500,2.0,False,0.0,8,Elliptical,0.6,True,Dynamic,0.05,True,0.1,0.0,2025-05-07 11:41:02,Sweep to detect phase transitions and collapse structure
-4.787052962973602,500,2.0,False,0.0,8,Elliptical,0.6,True,Dynamic,0.05,True,0.1,0.0,2025-05-07 11:41:02,Sweep to detect phase transitions and collapse structure
-3.5385380181586092,500,2.0,False,0.0,8,Elliptical,0.6,True,Dynamic,0.05,True,0.1,0.0,2025-05-07 11:41:02,Sweep to detect phase transitions and collapse structure
-2.798133074780234,500,2.0,False,0.0,8,Elliptical,0.6,True,Dynamic,0.05,True,0.1,0.0,2025-05-07 11:41:02,Sweep to detect phase transitions and collapse structure
3.1313081107706133,500,2.0,False,0.0,8,Elliptical,0.6,True,Dynamic,0.05,True,0.1,0.0,2025-05-07 11:41:02,Sweep to detect phase transitions and collapse structure
-4.9712546247626905,500,2.0,False,0.0,8,Elliptical,0.6,True,Dynamic,0.05,True,0.1,0.0,2025-05-07 11:41:02,Sweep to detect phase transitions and collapse structure
-2.468785377669875,500,2.0,False,0.0,8,Elliptical,0.6,True,Dynamic,0.05,True,0.1,0.0,2025-05-07 11:41:02,Sweep to detect phase transitions and collapse structure
3.9470241214571304,500,2.0,False,0.0,8,Elliptical,0.6,True,Dynamic,0.05,True,0.1,0.0,2025-05-07 11:41:02,Sweep to detect phase transitions and collapse structure
-3.683034535576249,500,2.0,False,0.0,8,Elliptical,0.6,True,Dynamic,0.05,True,0.1,0.0,2025-05-07 11:41:02,Sweep to detect phase transitions and collapse structure
4.783321973528513,500,2.0,False,0.0,8,Elliptical,0.6,True,Dynamic,0.05,True,0.1,0.0,2025-05-07 11:41:02,Sweep to detect phase transitions and collapse structure
-3.056524350001182,500,2.0,False,0.0,8,Elliptical,0.6,True,Dynamic,0.05,True,0.1,0.0,2025-05-07 11:41:02,Sweep to detect phase transitions and collapse structure
3.723636690086055,500,2.0,False,0.0,8,Elliptical,0.6,True,Dynamic,0.05,True,0.1,0.0,2025-05-07 11:41:02,Sweep to detect phase transitions and collapse structure
-2.449011696122735,500,2.0,False,0.0,8,Elliptical,0.6,True,Dynamic,0.05,True,0.1,0.0,2025-05-07 11:41:02,Sweep to detect phase transitions and collapse structure
2.619271123215786,500,2.0,False,0.0,8,Elliptical,0.6,True,Dynamic,0.05,True,0.1,0.0,2025-05-07 11:41:02,Sweep to detect phase transitions and collapse structure
-2.8109801730445216,500,2.0,False,0.0,8,Elliptical,0.6,True,Dynamic,0.05,True,0.1,0.0,2025-05-07 11:41:02,Sweep to detect phase transitions and collapse structure
-4.034043691328145,500,2.0,False,0.0,8,Elliptical,0.6,True,Dynamic,0.05,True,0.1,0.0,2025-05-07 11:41:02,Sweep to detect phase transitions and collapse structure
4.994209240409486,500,2.0,False,0.0,8,Elliptical,0.6,True,Dynamic,0.05,True,0.1,0.0,2025-05-07 11:41:02,Sweep to detect phase transitions and collapse structure
1.278469783648766,500,2.0,False,0.0,8,Elliptical,0.6,True,Dynamic,0.05,True,0.1,0.0,2025-05-07 11:41:02,Sweep to detect phase transitions and collapse structure
-2.386356722889981,500,2.0,False,0.0,8,Elliptical,0.6,True,Dynamic,0.05,True,0.1,0.0,2025-05-07 11:41:02,Sweep to detect phase transitions and collapse structure
3.9546368022215486,500,2.0,False,0.0,8,Elliptical,0.6,True,Dynamic,0.05,True,0.1,0.0,2025-05-07 11:41:02,Sweep to detect phase transitions and collapse structure
-4.375945976236594,500,2.0,False,0.0,8,Elliptical,0.6,True,Dynamic,0.05,True,0.1,0.0,2025-05-07 11:41:02,Sweep to detect phase transitions and collapse structure
-2.3817415288780226,500,2.0,False,0.0,8,Elliptical,0.6,True,Dynamic,0.05,True,0.1,0.0,2025-05-07 11:41:02,Sweep to detect phase transitions and collapse structure
-3.750760088961555,500,2.0,False,0.0,8,Elliptical,0.6,True,Dynamic,0.05,True,0.1,0.0,2025-05-07 11:41:02,Sweep to detect phase transitions and collapse structure
-4.031717638316666,500,2.0,False,0.0,8,Elliptical,0.6,True,Dynamic,0.05,True,0.1,0.0,2025-05-07 11:41:02,Sweep to detect phase transitions and collapse structure
-4.857008114373818,500,2.0,False,0.0,8,Elliptical,0.6,True,Dynamic,0.05,True,0.1,0.0,2025-05-07 11:41:02,Sweep to detect phase transitions and collapse structure
4.095891144760127,500,2.0,False,0.0,8,Elliptical,0.6,True,Dynamic,0.05,True,0.1,0.0,2025-05-07 11:41:02,Sweep to detect phase transitions and collapse structure
3.4734289363448245,500,2.0,False,0.0,8,Elliptical,0.6,True,Dynamic,0.05,True,0.1,0.0,2025-05-07 11:41:02,Sweep to detect phase transitions and collapse structure
-2.9357465017246573,500,2.0,False,0.0,8,Elliptical,0.6,True,Dynamic,0.05,True,0.1,0.0,2025-05-07 11:41:02,Sweep to detect phase transitions and collapse structure
-4.992189935739637,500,2.0,False,0.0,8,Elliptical,0.6,True,Dynamic,0.05,True,0.1,0.0,2025-05-07 11:41:02,Sweep to detect phase transitions and collapse structure
1.2529610598527734,500,2.0,False,0.0,8,Elliptical,0.6,True,Dynamic,0.05,True,0.1,0.0,2025-05-07 11:41:02,Sweep to detect phase transitions and collapse structure
-5.018545184815281,500,2.0,False,0.0,8,Elliptical,0.6,True,Dynamic,0.05,True,0.1,0.0,2025-05-07 11:41:02,Sweep to detect phase transitions and collapse structure
-2.7860274464770405,500,2.0,False,0.0,8,Elliptical,0.6,True,Dynamic,0.05,True,0.1,0.0,2025-05-07 11:41:02,Sweep to detect phase transitions and collapse structure
1.4679691801789954,500,2.0,False,0.0,8,Elliptical,0.6,True,Dynamic,0.05,True,0.1,0.0,2025-05-07 11:41:02,Sweep to detect phase transitions and collapse structure
4.953954327234367,500,2.0,False,0.0,8,Elliptical,0.6,True,Dynamic,0.05,True,0.1,0.0,2025-05-07 11:41:02,Sweep to detect phase transitions and collapse structure
-2.3311220703582776,500,2.0,False,0.0,8,Elliptical,0.6,True,Dynamic,0.05,True,0.1,0.0,2025-05-07 11:41:02,Sweep to detect phase transitions and collapse structure
0.04806658937712854,500,2.0,False,0.0,8,Elliptical,0.6,True,Dynamic,0.05,True,0.1,0.0,2025-05-07 11:41:02,Sweep to detect phase transitions and collapse structure
3.412579838321953,500,2.0,False,0.0,8,Elliptical,0.6,True,Dynamic,0.05,True,0.1,0.0,2025-05-07 11:41:02,Sweep to detect phase transitions and collapse structure
-3.364130603561984,500,2.0,False,0.0,8,Elliptical,0.6,True,Dynamic,0.05,True,0.1,0.0,2025-05-07 11:41:02,Sweep to detect phase transitions and collapse structure
2.220706096455937,500,2.0,False,0.0,8,Elliptical,0.6,True,Dynamic,0.05,True,0.1,0.0,2025-05-07 11:41:02,Sweep to detect phase transitions and collapse structure
-2.9940727789230563,500,2.0,False,0.0,8,Elliptical,0.6,True,Dynamic,0.05,True,0.1,0.0,2025-05-07 11:41:02,Sweep to detect phase transitions and collapse structure
-3.581459602362887,500,2.0,False,0.0,8,Elliptical,0.6,True,Dynamic,0.05,True,0.1,0.0,2025-05-07 11:41:02,Sweep to detect phase transitions and collapse structure
4.005834190556218,500,2.0,False,0.0,8,Elliptical,0.6,True,Dynamic,0.05,True,0.1,0.0,2025-05-07 11:41:02,Sweep to detect phase transitions and collapse structure
-3.385789770666146,500,2.0,False,0.0,8,Elliptical,0.6,True,Dynamic,0.05,True,0.1,0.0,2025-05-07 11:41:02,Sweep to detect phase transitions and collapse structure
2.6018753270101262,500,2.0,False,0.0,8,Elliptical,0.6,True,Dynamic,0.05,True,0.1,0.0,2025-05-07 11:41:02,Sweep to detect phase transitions and collapse structure
-4.365441008895802,500,2.0,False,0.0,8,Elliptical,0.6,True,Dynamic,0.05,True,0.1,0.0,2025-05-07 11:41:02,Sweep to detect phase transitions and collapse structure
-1.4954338987198719,500,2.0,False,0.0,8,Elliptical,0.6,True,Dynamic,0.05,True,0.1,0.0,2025-05-07 11:41:02,Sweep to detect phase transitions and collapse structure
-3.771502510088782,500,2.0,False,0.0,8,Elliptical,0.6,True,Dynamic,0.05,True,0.1,0.0,2025-05-07 11:41:02,Sweep to detect phase transitions and collapse structure
-4.841859832409579,500,2.0,False,0.0,8,Elliptical,0.6,True,Dynamic,0.05,True,0.1,0.0,2025-05-07 11:41:02,Sweep to detect phase transitions and collapse structure
-2.233864802601366,500,2.0,False,0.0,8,Elliptical,0.6,True,Dynamic,0.05,True,0.1,0.0,2025-05-07 11:41:02,Sweep to detect phase transitions and collapse structure
5.021032337860167,500,2.0,False,0.0,8,Elliptical,0.6,True,Dynamic,0.05,True,0.1,0.0,2025-05-07 11:41:02,Sweep to detect phase transitions and collapse structure
4.618253795126293,500,2.0,False,0.0,8,Elliptical,0.6,True,Dynamic,0.05,True,0.1,0.0,2025-05-07 11:41:02,Sweep to detect phase transitions and collapse structure
1.374987774457962,500,2.0,False,0.0,8,Elliptical,0.6,True,Dynamic,0.05,True,0.1,0.0,2025-05-07 11:41:02,Sweep to detect phase transitions and collapse structure
-2.472507266035227,500,2.0,False,0.0,8,Elliptical,0.6,True,Dynamic,0.05,True,0.1,0.0,2025-05-07 11:41:02,Sweep to detect phase transitions and collapse structure
3.3320143792599692,500,2.0,False,0.0,8,Elliptical,0.6,True,Dynamic,0.05,True,0.1,0.0,2025-05-07 11:41:02,Sweep to detect phase transitions and collapse structure
4.257525905718131,500,2.0,False,0.0,8,Elliptical,0.6,True,Dynamic,0.05,True,0.1,0.0,2025-05-07 11:41:02,Sweep to detect phase transitions and collapse structure
1.501849836670141,500,2.0,False,0.0,8,Elliptical,0.6,True,Dynamic,0.05,True,0.1,0.0,2025-05-07 11:41:02,Sweep to detect phase transitions and collapse structure
3.514805774480414,500,2.0,False,0.0,8,Elliptical,0.6,True,Dynamic,0.05,True,0.1,0.0,2025-05-07 11:41:02,Sweep to detect phase transitions and collapse structure
-3.4228055735965914,500,2.0,False,0.0,8,Elliptical,0.6,True,Dynamic,0.05,True,0.1,0.0,2025-05-07 11:41:02,Sweep to detect phase transitions and collapse structure
3.3610478480239028,500,2.0,False,0.0,8,Elliptical,0.6,True,Dynamic,0.05,True,0.1,0.0,2025-05-07 11:41:02,Sweep to detect phase transitions and collapse structure
5.070144592272041,500,2.0,False,0.0,8,Elliptical,0.6,True,Dynamic,0.05,True,0.1,0.0,2025-05-07 11:41:02,Sweep to detect phase transitions and collapse structure
1.4192061824070683,500,2.0,False,0.0,8,Elliptical,0.6,True,Dynamic,0.05,True,0.1,0.0,2025-05-07 11:41:02,Sweep to detect phase transitions and collapse structure
2.3247007988124904,500,2.0,False,0.0,8,Elliptical,0.6,True,Dynamic,0.05,True,0.1,0.0,2025-05-07 11:41:02,Sweep to detect phase transitions and collapse structure
4.26320296468329,500,2.0,False,0.0,8,Elliptical,0.6,True,Dynamic,0.05,True,0.1,0.0,2025-05-07 11:41:02,Sweep to detect phase transitions and collapse structure
-4.138259532349866,500,2.0,False,0.0,8,Elliptical,0.6,True,Dynamic,0.05,True,0.1,0.0,2025-05-07 11:41:02,Sweep to detect phase transitions and collapse structure
4.8110514283666435,500,2.0,False,0.0,8,Elliptical,0.6,True,Dynamic,0.05,True,0.1,0.0,2025-05-07 11:41:02,Sweep to detect phase transitions and collapse structure
3.266028384199059,500,2.0,False,0.0,8,Elliptical,0.6,True,Dynamic,0.05,True,0.1,0.0,2025-05-07 11:41:02,Sweep to detect phase transitions and collapse structure
2.3713758078492626,500,2.0,False,0.0,8,Elliptical,0.6,True,Dynamic,0.05,True,0.1,0.0,2025-05-07 11:41:02,Sweep to detect phase transitions and collapse structure
4.401117159566143,500,2.0,False,0.0,8,Elliptical,0.6,True,Dynamic,0.05,True,0.1,0.0,2025-05-07 11:41:02,Sweep to detect phase transitions and collapse structure
-3.232840045541762,500,2.0,False,0.0,8,Elliptical,0.6,True,Dynamic,0.05,True,0.1,0.0,2025-05-07 11:41:02,Sweep to detect phase transitions and collapse structure
-4.823902030547831,500,2.0,False,0.0,8,Elliptical,0.6,True,Dynamic,0.05,True,0.1,0.0,2025-05-07 11:41:02,Sweep to detect phase transitions and collapse structure
4.441228777788321,500,2.0,False,0.0,8,Elliptical,0.6,True,Dynamic,0.05,True,0.1,0.0,2025-05-07 11:41:02,Sweep to detect phase transitions and collapse structure
3.6071865987399025,500,2.0,False,0.0,8,Elliptical,0.6,True,Dynamic,0.05,True,0.1,0.0,2025-05-07 11:41:02,Sweep to detect phase transitions and collapse structure
4.572277041087638,500,2.0,False,0.0,8,Elliptical,0.6,True,Dynamic,0.05,True,0.1,0.0,2025-05-07 11:41:02,Sweep to detect phase transitions and collapse structure
-2.5153938981551383,500,2.0,False,0.0,8,Elliptical,0.6,True,Dynamic,0.05,True,0.1,0.0,2025-05-07 11:41:02,Sweep to detect phase transitions and collapse structure
-3.2153482550614636,500,2.0,False,0.0,8,Elliptical,0.6,True,Dynamic,0.05,True,0.1,0.0,2025-05-07 11:41:02,Sweep to detect phase transitions and collapse structure
3.7806055437933797,500,2.0,False,0.0,8,Elliptical,0.6,True,Dynamic,0.05,True,0.1,0.0,2025-05-07 11:41:02,Sweep to detect phase transitions and collapse structure
3.369524906143477,500,2.0,False,0.0,8,Elliptical,0.6,True,Dynamic,0.05,True,0.1,0.0,2025-05-07 11:41:02,Sweep to detect phase transitions and collapse structure
2.0475788492468077,500,2.0,False,0.0,8,Elliptical,0.6,True,Dynamic,0.05,True,0.1,0.0,2025-05-07 11:41:02,Sweep to detect phase transitions and collapse structure
4.018715669346044,500,2.0,False,0.0,8,Elliptical,0.6,True,Dynamic,0.05,True,0.1,0.0,2025-05-07 11:41:02,Sweep to detect phase transitions and collapse structure
-0.9599053945374625,500,2.0,False,0.0,8,Elliptical,0.6,True,Dynamic,0.05,True,0.1,0.0,2025-05-07 11:41:02,Sweep to detect phase transitions and collapse structure
4.851046135757687,500,2.0,False,0.0,8,Elliptical,0.6,True,Dynamic,0.05,True,0.1,0.0,2025-05-07 11:41:02,Sweep to detect phase transitions and collapse structure
2.230593337494413,500,2.0,False,0.0,8,Elliptical,0.6,True,Dynamic,0.05,True,0.1,0.0,2025-05-07 11:41:02,Sweep to detect phase transitions and collapse structure
-3.1251422630943457,500,2.0,False,0.0,8,Elliptical,0.6,True,Dynamic,0.05,True,0.1,0.0,2025-05-07 11:41:02,Sweep to detect phase transitions and collapse structure
5.127813271972969,500,2.0,False,0.0,8,Elliptical,0.6,True,Dynamic,0.05,True,0.1,0.0,2025-05-07 11:41:02,Sweep to detect phase transitions and collapse structure
3.4200705761059598,500,2.0,False,0.0,8,Elliptical,0.6,True,Dynamic,0.05,True,0.1,0.0,2025-05-07 11:41:02,Sweep to detect phase transitions and collapse structure
-2.3535586535553783,500,2.0,False,0.0,8,Elliptical,0.6,True,Dynamic,0.05,True,0.1,0.0,2025-05-07 11:41:02,Sweep to detect phase transitions and collapse structure
-3.228503360678795,500,2.0,False,0.0,8,Elliptical,0.6,True,Dynamic,0.05,True,0.1,0.0,2025-05-07 11:41:02,Sweep to detect phase transitions and collapse structure
0.36758218856089414,500,2.0,False,0.0,8,Elliptical,0.6,True,Dynamic,0.05,True,0.1,0.0,2025-05-07 11:41:02,Sweep to detect phase transitions and collapse structure
4.082450764168208,500,2.0,False,0.0,8,Elliptical,0.6,True,Dynamic,0.05,True,0.1,0.0,2025-05-07 11:41:02,Sweep to detect phase transitions and collapse structure
-3.8931374438242323,500,2.0,False,0.0,8,Elliptical,0.6,True,Dynamic,0.05,True,0.1,0.0,2025-05-07 11:41:02,Sweep to detect phase transitions and collapse structure
-5.050202025620476,500,2.0,False,0.0,8,Elliptical,0.6,True,Dynamic,0.05,True,0.1,0.0,2025-05-07 11:41:02,Sweep to detect phase transitions and collapse structure
-2.2358709519318705,500,2.0,False,0.0,8,Elliptical,0.6,True,Dynamic,0.05,True,0.1,0.0,2025-05-07 11:41:02,Sweep to detect phase transitions and collapse structure
-3.6378528383393585,500,2.0,False,0.0,8,Elliptical,0.6,True,Dynamic,0.05,True,0.1,0.0,2025-05-07 11:41:02,Sweep to detect phase transitions and collapse structure
-1.2529315866407427,500,2.0,False,0.0,8,Elliptical,0.6,True,Dynamic,0.05,True,0.1,0.0,2025-05-07 11:41:02,Sweep to detect phase transitions and collapse structure
3.1835643231091733,500,2.0,False,0.0,8,Elliptical,0.6,True,Dynamic,0.05,True,0.1,0.0,2025-05-07 11:41:02,Sweep to detect phase transitions and collapse structure
-3.031850104151745,500,2.0,False,0.0,8,Elliptical,0.6,True,Dynamic,0.05,True,0.1,0.0,2025-05-07 11:41:02,Sweep to detect phase transitions and collapse structure
-3.4907050666860524,500,2.0,False,0.0,8,Elliptical,0.6,True,Dynamic,0.05,True,0.1,0.0,2025-05-07 11:41:02,Sweep to detect phase transitions and collapse structure
4.456627106318082,500,2.0,False,0.0,8,Elliptical,0.6,True,Dynamic,0.05,True,0.1,0.0,2025-05-07 11:41:02,Sweep to detect phase transitions and collapse structure
3.886483914255609,500,2.0,False,0.0,8,Elliptical,0.6,True,Dynamic,0.05,True,0.1,0.0,2025-05-07 11:41:02,Sweep to detect phase transitions and collapse structure
-3.370727167074019,500,2.0,False,0.0,8,Elliptical,0.6,True,Dynamic,0.05,True,0.1,0.0,2025-05-07 11:41:02,Sweep to detect phase transitions and collapse structure
-4.003569123860387,500,2.0,False,0.0,8,Elliptical,0.6,True,Dynamic,0.05,True,0.1,0.0,2025-05-07 11:41:02,Sweep to detect phase transitions and collapse structure
3.5692139892000867,500,2.0,False,0.0,8,Elliptical,0.6,True,Dynamic,0.05,True,0.1,0.0,2025-05-07 11:41:02,Sweep to detect phase transitions and collapse structure
3.246998296756647,500,2.0,False,0.0,8,Elliptical,0.6,True,Dynamic,0.05,True,0.1,0.0,2025-05-07 11:41:02,Sweep to detect phase transitions and collapse structure
-2.431137688421127,500,2.0,False,0.0,8,Elliptical,0.6,True,Dynamic,0.05,True,0.1,0.0,2025-05-07 11:41:02,Sweep to detect phase transitions and collapse structure
1.3544635945403996,500,2.0,False,0.0,8,Elliptical,0.6,True,Dynamic,0.05,True,0.1,0.0,2025-05-07 11:41:02,Sweep to detect phase transitions and collapse structure
4.494964031256957,500,2.0,False,0.0,8,Elliptical,0.6,True,Dynamic,0.05,True,0.1,0.0,2025-05-07 11:41:02,Sweep to detect phase transitions and collapse structure
2.520376263789013,500,2.0,False,0.0,8,Elliptical,0.6,True,Dynamic,0.05,True,0.1,0.0,2025-05-07 11:41:02,Sweep to detect phase transitions and collapse structure
-3.2426074560923706,500,2.0,False,0.0,8,Elliptical,0.6,True,Dynamic,0.05,True,0.1,0.0,2025-05-07 11:41:02,Sweep to detect phase transitions and collapse structure
3.5758952434914852,500,2.0,False,0.0,8,Elliptical,0.6,True,Dynamic,0.05,True,0.1,0.0,2025-05-07 11:41:02,Sweep to detect phase transitions and collapse structure
4.3987051721920984,500,2.0,False,0.0,8,Elliptical,0.6,True,Dynamic,0.05,True,0.1,0.0,2025-05-07 11:41:02,Sweep to detect phase transitions and collapse structure
-3.479393451918307,500,2.0,False,0.0,8,Elliptical,0.6,True,Dynamic,0.05,True,0.1,0.0,2025-05-07 11:41:02,Sweep to detect phase transitions and collapse structure
-3.4879692379014093,500,2.0,False,0.0,8,Elliptical,0.6,True,Dynamic,0.05,True,0.1,0.0,2025-05-07 11:41:02,Sweep to detect phase transitions and collapse structure
-2.4801225647368095,500,2.0,False,0.0,8,Elliptical,0.6,True,Dynamic,0.05,True,0.1,0.0,2025-05-07 11:41:02,Sweep to detect phase transitions and collapse structure
4.590200457523061,500,2.0,False,0.0,8,Elliptical,0.6,True,Dynamic,0.05,True,0.1,0.0,2025-05-07 11:41:02,Sweep to detect phase transitions and collapse structure
-3.9917315651344643,500,2.0,False,0.0,8,Elliptical,0.6,True,Dynamic,0.05,True,0.1,0.0,2025-05-07 11:41:02,Sweep to detect phase transitions and collapse structure
-1.2876129872867152,500,2.0,False,0.0,8,Elliptical,0.6,True,Dynamic,0.05,True,0.1,0.0,2025-05-07 11:41:02,Sweep to detect phase transitions and collapse structure
4.4647257942893335,500,2.0,False,0.0,8,Elliptical,0.6,True,Dynamic,0.05,True,0.1,0.0,2025-05-07 11:41:02,Sweep to detect phase transitions and collapse structure
5.043829386081351,500,2.0,False,0.0,8,Elliptical,0.6,True,Dynamic,0.05,True,0.1,0.0,2025-05-07 11:41:02,Sweep to detect phase transitions and collapse structure
-4.7905044032568345,500,2.0,False,0.0,8,Elliptical,0.6,True,Dynamic,0.05,True,0.1,0.0,2025-05-07 11:41:02,Sweep to detect phase transitions and collapse structure
-3.508316834555981,500,2.0,False,0.0,8,Elliptical,0.6,True,Dynamic,0.05,True,0.1,0.0,2025-05-07 11:41:02,Sweep to detect phase transitions and collapse structure
3.490798042094606,500,2.0,False,0.0,8,Elliptical,0.6,True,Dynamic,0.05,True,0.1,0.0,2025-05-07 11:41:02,Sweep to detect phase transitions and collapse structure
3.4191685891723496,500,2.0,False,0.0,8,Elliptical,0.6,True,Dynamic,0.05,True,0.1,0.0,2025-05-07 11:41:02,Sweep to detect phase transitions and collapse structure
3.5336705493193725,500,2.0,False,0.0,8,Elliptical,0.6,True,Dynamic,0.05,True,0.1,0.0,2025-05-07 11:41:02,Sweep to detect phase transitions and collapse structure
-3.4823249568928922,500,2.0,False,0.0,8,Elliptical,0.6,True,Dynamic,0.05,True,0.1,0.0,2025-05-07 11:41:02,Sweep to detect phase transitions and collapse structure
-0.00987351301448501,500,2.0,False,0.0,8,Elliptical,0.6,True,Dynamic,0.05,True,0.1,0.0,2025-05-07 11:41:02,Sweep to detect phase transitions and collapse structure
0.05763863098660184,500,2.0,False,0.0,8,Elliptical,0.6,True,Dynamic,0.05,True,0.1,0.0,2025-05-07 11:41:02,Sweep to detect phase transitions and collapse structure
2.5194849250559987,500,2.0,False,0.0,8,Elliptical,0.6,True,Dynamic,0.05,True,0.1,0.0,2025-05-07 11:41:02,Sweep to detect phase transitions and collapse structure
-3.175764006282687,500,2.0,False,0.0,8,Elliptical,0.6,True,Dynamic,0.05,True,0.1,0.0,2025-05-07 11:41:02,Sweep to detect phase transitions and collapse structure
-4.401822046930615,500,2.0,False,0.0,8,Elliptical,0.6,True,Dynamic,0.05,True,0.1,0.0,2025-05-07 11:41:02,Sweep to detect phase transitions and collapse structure
-5.022595339434015,500,2.0,False,0.0,8,Elliptical,0.6,True,Dynamic,0.05,True,0.1,0.0,2025-05-07 11:41:02,Sweep to detect phase transitions and collapse structure
2.012449356194272,500,2.0,False,0.0,8,Elliptical,0.6,True,Dynamic,0.05,True,0.1,0.0,2025-05-07 11:41:02,Sweep to detect phase transitions and collapse structure
3.4375398902414873,500,2.0,False,0.0,8,Elliptical,0.6,True,Dynamic,0.05,True,0.1,0.0,2025-05-07 11:41:02,Sweep to detect phase transitions and collapse structure
-3.6223716501260554,500,2.0,False,0.0,8,Elliptical,0.6,True,Dynamic,0.05,True,0.1,0.0,2025-05-07 11:41:02,Sweep to detect phase transitions and collapse structure
-1.0482044257505163,500,2.0,False,0.0,8,Elliptical,0.6,True,Dynamic,0.05,True,0.1,0.0,2025-05-07 11:41:02,Sweep to detect phase transitions and collapse structure
4.97274261561081,500,2.0,False,0.0,8,Elliptical,0.6,True,Dynamic,0.05,True,0.1,0.0,2025-05-07 11:41:02,Sweep to detect phase transitions and collapse structure
-4.678436638640803,500,2.0,False,0.0,8,Elliptical,0.6,True,Dynamic,0.05,True,0.1,0.0,2025-05-07 11:41:02,Sweep to detect phase transitions and collapse structure
-1.2252912987432807,500,2.0,False,0.0,8,Elliptical,0.6,True,Dynamic,0.05,True,0.1,0.0,2025-05-07 11:41:02,Sweep to detect phase transitions and collapse structure
5.0116401537955015,500,2.0,False,0.0,8,Elliptical,0.6,True,Dynamic,0.05,True,0.1,0.0,2025-05-07 11:41:02,Sweep to detect phase transitions and collapse structure
0.3345933568731,500,2.0,False,0.0,8,Elliptical,0.6,True,Dynamic,0.05,True,0.1,0.0,2025-05-07 11:41:02,Sweep to detect phase transitions and collapse structure
3.7806227211916283,500,2.0,False,0.0,8,Elliptical,0.6,True,Dynamic,0.05,True,0.1,0.0,2025-05-07 11:41:02,Sweep to detect phase transitions and collapse structure
-2.17161302721991,500,2.0,False,0.0,8,Elliptical,0.6,True,Dynamic,0.05,True,0.1,0.0,2025-05-07 11:41:02,Sweep to detect phase transitions and collapse structure
3.7893233101632937,500,2.0,False,0.0,8,Elliptical,0.6,True,Dynamic,0.05,True,0.1,0.0,2025-05-07 11:41:02,Sweep to detect phase transitions and collapse structure
-4.085219283202832,500,2.0,False,0.0,8,Elliptical,0.6,True,Dynamic,0.05,True,0.1,0.0,2025-05-07 11:41:02,Sweep to detect phase transitions and collapse structure
-3.0650370352790386,500,2.0,False,0.0,8,Elliptical,0.6,True,Dynamic,0.05,True,0.1,0.0,2025-05-07 11:41:02,Sweep to detect phase transitions and collapse structure
3.5410802159803527,500,2.0,False,0.0,8,Elliptical,0.6,True,Dynamic,0.05,True,0.1,0.0,2025-05-07 11:41:02,Sweep to detect phase transitions and collapse structure
3.6778522098522632,500,2.0,False,0.0,8,Elliptical,0.6,True,Dynamic,0.05,True,0.1,0.0,2025-05-07 11:41:02,Sweep to detect phase transitions and collapse structure
4.044391601232431,500,2.0,False,0.0,8,Elliptical,0.6,True,Dynamic,0.05,True,0.1,0.0,2025-05-07 11:41:02,Sweep to detect phase transitions and collapse structure
5.078404475630721,500,2.0,False,0.0,8,Elliptical,0.6,True,Dynamic,0.05,True,0.1,0.0,2025-05-07 11:41:02,Sweep to detect phase transitions and collapse structure
1.26253240572524,500,2.0,False,0.0,8,Elliptical,0.6,True,Dynamic,0.05,True,0.1,0.0,2025-05-07 11:41:02,Sweep to detect phase transitions and collapse structure
-3.5697773342130783,500,2.0,False,0.0,8,Elliptical,0.6,True,Dynamic,0.05,True,0.1,0.0,2025-05-07 11:41:02,Sweep to detect phase transitions and collapse structure
-4.473420564264366,500,2.0,False,0.0,8,Elliptical,0.6,True,Dynamic,0.05,True,0.1,0.0,2025-05-07 11:41:02,Sweep to detect phase transitions and collapse structure
3.2548959100901182,500,2.0,False,0.0,8,Elliptical,0.6,True,Dynamic,0.05,True,0.1,0.0,2025-05-07 11:41:02,Sweep to detect phase transitions and collapse structure
1.1384846526464334,500,2.0,False,0.0,8,Elliptical,0.6,True,Dynamic,0.05,True,0.1,0.0,2025-05-07 11:41:02,Sweep to detect phase transitions and collapse structure
-2.254008328681854,500,2.0,False,0.0,8,Elliptical,0.6,True,Dynamic,0.05,True,0.1,0.0,2025-05-07 11:41:02,Sweep to detect phase transitions and collapse structure
3.2032643241989818,500,2.0,False,0.0,8,Elliptical,0.6,True,Dynamic,0.05,True,0.1,0.0,2025-05-07 11:41:02,Sweep to detect phase transitions and collapse structure
-1.8879037970506811,500,2.0,False,0.0,8,Elliptical,0.6,True,Dynamic,0.05,True,0.1,0.0,2025-05-07 11:41:02,Sweep to detect phase transitions and collapse structure
2.3412496005641477,500,2.0,False,0.0,8,Elliptical,0.6,True,Dynamic,0.05,True,0.1,0.0,2025-05-07 11:41:02,Sweep to detect phase transitions and collapse structure
4.623723775217674,500,2.0,False,0.0,8,Elliptical,0.6,True,Dynamic,0.05,True,0.1,0.0,2025-05-07 11:41:02,Sweep to detect phase transitions and collapse structure
2.2975862102948423,500,2.0,False,0.0,8,Elliptical,0.6,True,Dynamic,0.05,True,0.1,0.0,2025-05-07 11:41:02,Sweep to detect phase transitions and collapse structure
-4.764071134334729,500,2.0,False,0.0,8,Elliptical,0.6,True,Dynamic,0.05,True,0.1,0.0,2025-05-07 11:41:02,Sweep to detect phase transitions and collapse structure
3.0584433127915482,500,2.0,False,0.0,8,Elliptical,0.6,True,Dynamic,0.05,True,0.1,0.0,2025-05-07 11:41:02,Sweep to detect phase transitions and collapse structure
-3.2687959458633915,500,2.0,False,0.0,8,Elliptical,0.6,True,Dynamic,0.05,True,0.1,0.0,2025-05-07 11:41:02,Sweep to detect phase transitions and collapse structure
-4.710437537247305,500,2.0,False,0.0,8,Elliptical,0.6,True,Dynamic,0.05,True,0.1,0.0,2025-05-07 11:41:02,Sweep to detect phase transitions and collapse structure
-3.912766036462093,500,2.0,False,0.0,8,Elliptical,0.6,True,Dynamic,0.05,True,0.1,0.0,2025-05-07 11:41:02,Sweep to detect phase transitions and collapse structure
1.8002545101764893,500,2.0,False,0.0,8,Elliptical,0.6,True,Dynamic,0.05,True,0.1,0.0,2025-05-07 11:41:02,Sweep to detect phase transitions and collapse structure
5.107158387501894,500,2.0,False,0.0,8,Elliptical,0.6,True,Dynamic,0.05,True,0.1,0.0,2025-05-07 11:41:02,Sweep to detect phase transitions and collapse structure
4.6221741815050965,500,2.0,False,0.0,8,Elliptical,0.6,True,Dynamic,0.05,True,0.1,0.0,2025-05-07 11:41:02,Sweep to detect phase transitions and collapse structure
-0.9243435127376625,500,2.0,False,0.0,8,Elliptical,0.6,True,Dynamic,0.05,True,0.1,0.0,2025-05-07 11:41:02,Sweep to detect phase transitions and collapse structure
4.66762290950748,500,2.0,False,0.0,8,Elliptical,0.6,True,Dynamic,0.05,True,0.1,0.0,2025-05-07 11:41:02,Sweep to detect phase transitions and collapse structure
2.015357101829795,500,2.0,False,0.0,8,Elliptical,0.6,True,Dynamic,0.05,True,0.1,0.0,2025-05-07 11:41:02,Sweep to detect phase transitions and collapse structure
5.034450822920091,500,2.0,False,0.0,8,Elliptical,0.6,True,Dynamic,0.05,True,0.1,0.0,2025-05-07 11:41:02,Sweep to detect phase transitions and collapse structure
-3.2503027689502404,500,2.0,False,0.0,8,Elliptical,0.6,True,Dynamic,0.05,True,0.1,0.0,2025-05-07 11:41:02,Sweep to detect phase transitions and collapse structure
-3.4209759904285755,500,2.0,False,0.0,8,Elliptical,0.6,True,Dynamic,0.05,True,0.1,0.0,2025-05-07 11:41:02,Sweep to detect phase transitions and collapse structure
3.9034440889934467,500,2.0,False,0.0,8,Elliptical,0.6,True,Dynamic,0.05,True,0.1,0.0,2025-05-07 11:41:02,Sweep to detect phase transitions and collapse structure
-3.5540772542515096,500,2.0,False,0.0,8,Elliptical,0.6,True,Dynamic,0.05,True,0.1,0.0,2025-05-07 11:41:02,Sweep to detect phase transitions and collapse structure
4.001297156587535,500,2.0,False,0.0,8,Elliptical,0.6,True,Dynamic,0.05,True,0.1,0.0,2025-05-07 11:41:02,Sweep to detect phase transitions and collapse structure
-4.445554850352665,500,2.0,False,0.0,8,Elliptical,0.6,True,Dynamic,0.05,True,0.1,0.0,2025-05-07 11:41:02,Sweep to detect phase transitions and collapse structure
-1.842545644388193,500,2.0,False,0.0,8,Elliptical,0.6,True,Dynamic,0.05,True,0.1,0.0,2025-05-07 11:41:02,Sweep to detect phase transitions and collapse structure
-2.9373573538967688,500,2.0,False,0.0,8,Elliptical,0.6,True,Dynamic,0.05,True,0.1,0.0,2025-05-07 11:41:02,Sweep to detect phase transitions and collapse structure
-1.1571207601763696,500,2.0,False,0.0,8,Elliptical,0.6,True,Dynamic,0.05,True,0.1,0.0,2025-05-07 11:41:02,Sweep to detect phase transitions and collapse structure
1.2252237671938926,500,2.0,False,0.0,8,Elliptical,0.6,True,Dynamic,0.05,True,0.1,0.0,2025-05-07 11:41:02,Sweep to detect phase transitions and collapse structure
-4.732369950445903,500,2.0,False,0.0,8,Elliptical,0.6,True,Dynamic,0.05,True,0.1,0.0,2025-05-07 11:41:02,Sweep to detect phase transitions and collapse structure
-4.007448847012087,500,2.0,False,0.0,8,Elliptical,0.6,True,Dynamic,0.05,True,0.1,0.0,2025-05-07 11:41:02,Sweep to detect phase transitions and collapse structure
-3.3989430205649667,500,2.0,False,0.0,8,Elliptical,0.6,True,Dynamic,0.05,True,0.1,0.0,2025-05-07 11:41:02,Sweep to detect phase transitions and collapse structure
0.062061727283730383,500,2.0,False,0.0,8,Elliptical,0.6,True,Dynamic,0.05,True,0.1,0.0,2025-05-07 11:41:02,Sweep to detect phase transitions and collapse structure
4.4077676999502335,500,2.0,False,0.0,8,Elliptical,0.6,True,Dynamic,0.05,True,0.1,0.0,2025-05-07 11:41:02,Sweep to detect phase transitions and collapse structure
4.780280128336344,500,2.0,False,0.0,8,Elliptical,0.6,True,Dynamic,0.05,True,0.1,0.0,2025-05-07 11:41:02,Sweep to detect phase transitions and collapse structure
0.1992583798577804,500,2.0,False,0.0,8,Elliptical,0.6,True,Dynamic,0.05,True,0.1,0.0,2025-05-07 11:41:02,Sweep to detect phase transitions and collapse structure
-1.8987138307194824,500,2.0,False,0.0,8,Elliptical,0.6,True,Dynamic,0.05,True,0.1,0.0,2025-05-07 11:41:02,Sweep to detect phase transitions and collapse structure
-4.778384749235422,500,2.0,False,0.0,8,Elliptical,0.6,True,Dynamic,0.05,True,0.1,0.0,2025-05-07 11:41:02,Sweep to detect phase transitions and collapse structure
4.413029816799626,500,2.0,False,0.0,8,Elliptical,0.6,True,Dynamic,0.05,True,0.1,0.0,2025-05-07 11:41:02,Sweep to detect phase transitions and collapse structure
2.6024739538810464,500,2.0,False,0.0,8,Elliptical,0.6,True,Dynamic,0.05,True,0.1,0.0,2025-05-07 11:41:02,Sweep to detect phase transitions and collapse structure
4.723998120673946,500,2.0,False,0.0,8,Elliptical,0.6,True,Dynamic,0.05,True,0.1,0.0,2025-05-07 11:41:02,Sweep to detect phase transitions and collapse structure
1.7991072187744188,500,2.0,False,0.0,8,Elliptical,0.6,True,Dynamic,0.05,True,0.1,0.0,2025-05-07 11:41:02,Sweep to detect phase transitions and collapse structure
3.428687441710439,500,2.0,False,0.0,8,Elliptical,0.6,True,Dynamic,0.05,True,0.1,0.0,2025-05-07 11:41:02,Sweep to detect phase transitions and collapse structure
-3.2239963755781313,500,2.0,False,0.0,8,Elliptical,0.6,True,Dynamic,0.05,True,0.1,0.0,2025-05-07 11:41:02,Sweep to detect phase transitions and collapse structure
-3.343182904987687,500,2.0,False,0.0,8,Elliptical,0.6,True,Dynamic,0.05,True,0.1,0.0,2025-05-07 11:41:02,Sweep to detect phase transitions and collapse structure
-4.867418991208112,500,2.0,False,0.0,8,Elliptical,0.6,True,Dynamic,0.05,True,0.1,0.0,2025-05-07 11:41:02,Sweep to detect phase transitions and collapse structure
2.3374529532632113,500,2.0,False,0.0,8,Elliptical,0.6,True,Dynamic,0.05,True,0.1,0.0,2025-05-07 11:41:02,Sweep to detect phase transitions and collapse structure
4.690309457993729,500,2.0,False,0.0,8,Elliptical,0.6,True,Dynamic,0.05,True,0.1,0.0,2025-05-07 11:41:02,Sweep to detect phase transitions and collapse structure
-3.9180194567211575,500,2.0,False,0.0,8,Elliptical,0.6,True,Dynamic,0.05,True,0.1,0.0,2025-05-07 11:41:02,Sweep to detect phase transitions and collapse structure
1.3431272059864219,500,2.0,False,0.0,8,Elliptical,0.6,True,Dynamic,0.05,True,0.1,0.0,2025-05-07 11:41:02,Sweep to detect phase transitions and collapse structure
-3.507178413660378,500,2.0,False,0.0,8,Elliptical,0.6,True,Dynamic,0.05,True,0.1,0.0,2025-05-07 11:41:02,Sweep to detect phase transitions and collapse structure
0.9939520481484299,500,2.0,False,0.0,8,Elliptical,0.6,True,Dynamic,0.05,True,0.1,0.0,2025-05-07 11:41:02,Sweep to detect phase transitions and collapse structure
-1.2396091450530824,500,2.0,False,0.0,8,Elliptical,0.6,True,Dynamic,0.05,True,0.1,0.0,2025-05-07 11:41:02,Sweep to detect phase transitions and collapse structure
4.021110113223011,500,2.0,False,0.0,8,Elliptical,0.6,True,Dynamic,0.05,True,0.1,0.0,2025-05-07 11:41:02,Sweep to detect phase transitions and collapse structure
3.41497358370447,500,2.0,False,0.0,8,Elliptical,0.6,True,Dynamic,0.05,True,0.1,0.0,2025-05-07 11:41:02,Sweep to detect phase transitions and collapse structure
-4.04803400493743,500,2.0,False,0.0,8,Elliptical,0.6,True,Dynamic,0.05,True,0.1,0.0,2025-05-07 11:41:02,Sweep to detect phase transitions and collapse structure
3.8342388303283306,500,2.0,False,0.0,8,Elliptical,0.6,True,Dynamic,0.05,True,0.1,0.0,2025-05-07 11:41:02,Sweep to detect phase transitions and collapse structure
-4.097367117293037,500,2.0,False,0.0,8,Elliptical,0.6,True,Dynamic,0.05,True,0.1,0.0,2025-05-07 11:41:02,Sweep to detect phase transitions and collapse structure
-4.802212801814982,500,2.0,False,0.0,8,Elliptical,0.6,True,Dynamic,0.05,True,0.1,0.0,2025-05-07 11:41:02,Sweep to detect phase transitions and collapse structure
-2.972839446191532,500,2.0,False,0.0,8,Elliptical,0.6,True,Dynamic,0.05,True,0.1,0.0,2025-05-07 11:41:02,Sweep to detect phase transitions and collapse structure
-3.5151552762524507,500,2.0,False,0.0,8,Elliptical,0.6,True,Dynamic,0.05,True,0.1,0.0,2025-05-07 11:41:02,Sweep to detect phase transitions and collapse structure
-3.904135090522639,500,2.0,False,0.0,8,Elliptical,0.6,True,Dynamic,0.05,True,0.1,0.0,2025-05-07 11:41:02,Sweep to detect phase transitions and collapse structure
-3.1042448760510193,500,2.0,False,0.0,8,Elliptical,0.6,True,Dynamic,0.05,True,0.1,0.0,2025-05-07 11:41:02,Sweep to detect phase transitions and collapse structure
-3.3147680639037262,500,2.0,False,0.0,8,Elliptical,0.6,True,Dynamic,0.05,True,0.1,0.0,2025-05-07 11:41:02,Sweep to detect phase transitions and collapse structure
2.22333305599816,500,2.0,False,0.0,8,Elliptical,0.6,True,Dynamic,0.05,True,0.1,0.0,2025-05-07 11:41:02,Sweep to detect phase transitions and collapse structure
3.784656277601244,500,2.0,False,0.0,8,Elliptical,0.6,True,Dynamic,0.05,True,0.1,0.0,2025-05-07 11:41:02,Sweep to detect phase transitions and collapse structure
3.325446647733946,500,2.0,False,0.0,8,Elliptical,0.6,True,Dynamic,0.05,True,0.1,0.0,2025-05-07 11:41:02,Sweep to detect phase transitions and collapse structure
-3.209202801697469,500,2.0,False,0.0,8,Elliptical,0.6,True,Dynamic,0.05,True,0.1,0.0,2025-05-07 11:41:02,Sweep to detect phase transitions and collapse structure
-2.714247230933762,500,2.0,False,0.0,8,Elliptical,0.6,True,Dynamic,0.05,True,0.1,0.0,2025-05-07 11:41:02,Sweep to detect phase transitions and collapse structure
2.741526283139679,500,2.0,False,0.0,8,Elliptical,0.6,True,Dynamic,0.05,True,0.1,0.0,2025-05-07 11:41:02,Sweep to detect phase transitions and collapse structure
-3.7160821087304616,500,2.0,False,0.0,8,Elliptical,0.6,True,Dynamic,0.05,True,0.1,0.0,2025-05-07 11:41:02,Sweep to detect phase transitions and collapse structure
0.965920902471467,500,2.0,False,0.0,8,Elliptical,0.6,True,Dynamic,0.05,True,0.1,0.0,2025-05-07 11:41:02,Sweep to detect phase transitions and collapse structure
-4.005565262089018,500,2.0,False,0.0,8,Elliptical,0.6,True,Dynamic,0.05,True,0.1,0.0,2025-05-07 11:41:02,Sweep to detect phase transitions and collapse structure
-4.01078031894722,500,2.0,False,0.0,8,Elliptical,0.6,True,Dynamic,0.05,True,0.1,0.0,2025-05-07 11:41:02,Sweep to detect phase transitions and collapse structure
-3.9632339298543084,500,2.0,False,0.0,8,Elliptical,0.6,True,Dynamic,0.05,True,0.1,0.0,2025-05-07 11:41:02,Sweep to detect phase transitions and collapse structure
-3.7750413026570584,500,2.0,False,0.0,8,Elliptical,0.6,True,Dynamic,0.05,True,0.1,0.0,2025-05-07 11:41:02,Sweep to detect phase transitions and collapse structure
-2.949597819714896,500,2.0,False,0.0,8,Elliptical,0.6,True,Dynamic,0.05,True,0.1,0.0,2025-05-07 11:41:02,Sweep to detect phase transitions and collapse structure
4.110061601538438,500,2.0,False,0.0,8,Elliptical,0.6,True,Dynamic,0.05,True,0.1,0.0,2025-05-07 11:41:02,Sweep to detect phase transitions and collapse structure
4.553212987320802,500,2.0,False,0.0,8,Elliptical,0.6,True,Dynamic,0.05,True,0.1,0.0,2025-05-07 11:41:02,Sweep to detect phase transitions and collapse structure
-1.2479573971167544,500,2.0,False,0.0,8,Elliptical,0.6,True,Dynamic,0.05,True,0.1,0.0,2025-05-07 11:41:02,Sweep to detect phase transitions and collapse structure
-3.7025003346875565,500,2.0,False,0.0,8,Elliptical,0.6,True,Dynamic,0.05,True,0.1,0.0,2025-05-07 11:41:02,Sweep to detect phase transitions and collapse structure
4.630680481731542,500,2.0,False,0.0,8,Elliptical,0.6,True,Dynamic,0.05,True,0.1,0.0,2025-05-07 11:41:02,Sweep to detect phase transitions and collapse structure
1.2625316545261647,500,2.0,False,0.0,8,Elliptical,0.6,True,Dynamic,0.05,True,0.1,0.0,2025-05-07 11:41:02,Sweep to detect phase transitions and collapse structure
-3.016076310841852,500,2.0,False,0.0,8,Elliptical,0.6,True,Dynamic,0.05,True,0.1,0.0,2025-05-07 11:41:02,Sweep to detect phase transitions and collapse structure
4.895124230445999,500,2.0,False,0.0,8,Elliptical,0.6,True,Dynamic,0.05,True,0.1,0.0,2025-05-07 11:41:02,Sweep to detect phase transitions and collapse structure
-3.6626104156297683,500,2.0,False,0.0,8,Elliptical,0.6,True,Dynamic,0.05,True,0.1,0.0,2025-05-07 11:41:02,Sweep to detect phase transitions and collapse structure
-2.833297406788834,500,2.0,False,0.0,8,Elliptical,0.6,True,Dynamic,0.05,True,0.1,0.0,2025-05-07 11:41:02,Sweep to detect phase transitions and collapse structure
4.582024662326167,500,2.0,False,0.0,8,Elliptical,0.6,True,Dynamic,0.05,True,0.1,0.0,2025-05-07 11:41:02,Sweep to detect phase transitions and collapse structure
-3.387679956209668,500,2.0,False,0.0,8,Elliptical,0.6,True,Dynamic,0.05,True,0.1,0.0,2025-05-07 11:41:02,Sweep to detect phase transitions and collapse structure
2.371624011608425,500,2.0,False,0.0,8,Elliptical,0.6,True,Dynamic,0.05,True,0.1,0.0,2025-05-07 11:41:02,Sweep to detect phase transitions and collapse structure
-3.911606717353383,500,2.0,False,0.0,8,Elliptical,0.6,True,Dynamic,0.05,True,0.1,0.0,2025-05-07 11:41:02,Sweep to detect phase transitions and collapse structure
0.01783120273266084,500,2.0,False,0.0,8,Elliptical,0.6,True,Dynamic,0.05,True,0.1,0.0,2025-05-07 11:41:02,Sweep to detect phase transitions and collapse structure
4.049294920405249,500,2.0,False,0.0,8,Elliptical,0.6,True,Dynamic,0.05,True,0.1,0.0,2025-05-07 11:41:02,Sweep to detect phase transitions and collapse structure
-0.9442124780327434,500,2.0,False,0.0,8,Elliptical,0.6,True,Dynamic,0.05,True,0.1,0.0,2025-05-07 11:41:02,Sweep to detect phase transitions and collapse structure
3.5191981670360373,500,2.0,False,0.0,8,Elliptical,0.6,True,Dynamic,0.05,True,0.1,0.0,2025-05-07 11:41:02,Sweep to detect phase transitions and collapse structure
4.466059570954329,500,2.0,False,0.0,8,Elliptical,0.6,True,Dynamic,0.05,True,0.1,0.0,2025-05-07 11:41:02,Sweep to detect phase transitions and collapse structure
-3.5900861305939404,500,2.0,False,0.0,8,Elliptical,0.6,True,Dynamic,0.05,True,0.1,0.0,2025-05-07 11:41:02,Sweep to detect phase transitions and collapse structure
-4.514992458165831,500,2.0,False,0.0,8,Elliptical,0.6,True,Dynamic,0.05,True,0.1,0.0,2025-05-07 11:41:02,Sweep to detect phase transitions and collapse structure
2.048727259716873,500,2.0,False,0.0,8,Elliptical,0.6,True,Dynamic,0.05,True,0.1,0.0,2025-05-07 11:41:02,Sweep to detect phase transitions and collapse structure
-1.9214223782957338,500,2.0,False,0.0,8,Elliptical,0.6,True,Dynamic,0.05,True,0.1,0.0,2025-05-07 11:41:02,Sweep to detect phase transitions and collapse structure
2.8047640005856005,500,2.0,False,0.0,8,Elliptical,0.6,True,Dynamic,0.05,True,0.1,0.0,2025-05-07 11:41:02,Sweep to detect phase transitions and collapse structure
4.0328477406667576,500,2.0,False,0.0,8,Elliptical,0.6,True,Dynamic,0.05,True,0.1,0.0,2025-05-07 11:41:02,Sweep to detect phase transitions and collapse structure
4.508584598292435,500,2.0,False,0.0,8,Elliptical,0.6,True,Dynamic,0.05,True,0.1,0.0,2025-05-07 11:41:02,Sweep to detect phase transitions and collapse structure
5.091888477982911,500,2.0,False,0.0,8,Elliptical,0.6,True,Dynamic,0.05,True,0.1,0.0,2025-05-07 11:41:02,Sweep to detect phase transitions and collapse structure
2.9673990889789157,500,2.0,False,0.0,8,Elliptical,0.6,True,Dynamic,0.05,True,0.1,0.0,2025-05-07 11:41:02,Sweep to detect phase transitions and collapse structure
4.926232340825173,500,2.0,False,0.0,8,Elliptical,0.6,True,Dynamic,0.05,True,0.1,0.0,2025-05-07 11:41:02,Sweep to detect phase transitions and collapse structure
-3.6637692500464176,500,2.0,False,0.0,8,Elliptical,0.6,True,Dynamic,0.05,True,0.1,0.0,2025-05-07 11:41:02,Sweep to detect phase transitions and collapse structure
0.06448193571867764,500,2.0,False,0.0,8,Elliptical,0.6,True,Dynamic,0.05,True,0.1,0.0,2025-05-07 11:41:02,Sweep to detect phase transitions and collapse structure
-2.5179409483368382,500,2.0,False,0.0,8,Elliptical,0.6,True,Dynamic,0.05,True,0.1,0.0,2025-05-07 11:41:02,Sweep to detect phase transitions and collapse structure
-2.7637595024685577,500,2.0,False,0.0,8,Elliptical,0.6,True,Dynamic,0.05,True,0.1,0.0,2025-05-07 11:41:02,Sweep to detect phase transitions and collapse structure
-3.783732196770256,500,2.0,False,0.0,8,Elliptical,0.6,True,Dynamic,0.05,True,0.1,0.0,2025-05-07 11:41:02,Sweep to detect phase transitions and collapse structure
-3.3516809482687124,500,2.0,False,0.0,8,Elliptical,0.6,True,Dynamic,0.05,True,0.1,0.0,2025-05-07 11:41:02,Sweep to detect phase transitions and collapse structure
5.032872405673177,500,2.0,False,0.0,8,Elliptical,0.6,True,Dynamic,0.05,True,0.1,0.0,2025-05-07 11:41:02,Sweep to detect phase transitions and collapse structure
4.776547414170663,500,2.0,False,0.0,8,Elliptical,0.6,True,Dynamic,0.05,True,0.1,0.0,2025-05-07 11:41:02,Sweep to detect phase transitions and collapse structure
3.3549847051314035,500,2.0,False,0.0,8,Elliptical,0.6,True,Dynamic,0.05,True,0.1,0.0,2025-05-07 11:41:02,Sweep to detect phase transitions and collapse structure
-4.7243383586928225,500,2.0,False,0.0,8,Elliptical,0.6,True,Dynamic,0.05,True,0.1,0.0,2025-05-07 11:41:02,Sweep to detect phase transitions and collapse structure
-3.9096423799905065,500,2.0,False,0.0,8,Elliptical,0.6,True,Dynamic,0.05,True,0.1,0.0,2025-05-07 11:41:02,Sweep to detect phase transitions and collapse structure
-3.9024967624589655,500,2.0,False,0.0,8,Elliptical,0.6,True,Dynamic,0.05,True,0.1,0.0,2025-05-07 11:41:02,Sweep to detect phase transitions and collapse structure
1.064247691731008,500,2.0,False,0.0,8,Elliptical,0.6,True,Dynamic,0.05,True,0.1,0.0,2025-05-07 11:41:02,Sweep to detect phase transitions and collapse structure
5.103358245855242,500,2.0,False,0.0,8,Elliptical,0.6,True,Dynamic,0.05,True,0.1,0.0,2025-05-07 11:41:02,Sweep to detect phase transitions and collapse structure
-3.9564538048124986,500,2.0,False,0.0,8,Elliptical,0.6,True,Dynamic,0.05,True,0.1,0.0,2025-05-07 11:41:02,Sweep to detect phase transitions and collapse structure
3.4075317005618695,500,2.0,False,0.0,8,Elliptical,0.6,True,Dynamic,0.05,True,0.1,0.0,2025-05-07 11:41:02,Sweep to detect phase transitions and collapse structure
-2.2676994132783284,500,2.0,False,0.0,8,Elliptical,0.6,True,Dynamic,0.05,True,0.1,0.0,2025-05-07 11:41:02,Sweep to detect phase transitions and collapse structure
4.495647617153959,500,2.0,False,0.0,8,Elliptical,0.6,True,Dynamic,0.05,True,0.1,0.0,2025-05-07 11:41:02,Sweep to detect phase transitions and collapse structure
4.003344884505266,500,2.0,False,0.0,8,Elliptical,0.6,True,Dynamic,0.05,True,0.1,0.0,2025-05-07 11:41:02,Sweep to detect phase transitions and collapse structure
4.083484706475696,500,2.0,False,0.0,8,Elliptical,0.6,True,Dynamic,0.05,True,0.1,0.0,2025-05-07 11:41:02,Sweep to detect phase transitions and collapse structure
-3.2807383093169737,500,2.0,False,0.0,8,Elliptical,0.6,True,Dynamic,0.05,True,0.1,0.0,2025-05-07 11:41:02,Sweep to detect phase transitions and collapse structure
-4.89869786876245,500,2.0,False,0.0,8,Elliptical,0.6,True,Dynamic,0.05,True,0.1,0.0,2025-05-07 11:41:02,Sweep to detect phase transitions and collapse structure
3.9302731880703634,500,2.0,False,0.0,8,Elliptical,0.6,True,Dynamic,0.05,True,0.1,0.0,2025-05-07 11:41:02,Sweep to detect phase transitions and collapse structure
4.028367523231914,500,2.0,False,0.0,8,Elliptical,0.6,True,Dynamic,0.05,True,0.1,0.0,2025-05-07 11:41:02,Sweep to detect phase transitions and collapse structure
-4.055914264171392,500,2.0,False,0.0,8,Elliptical,0.6,True,Dynamic,0.05,True,0.1,0.0,2025-05-07 11:41:02,Sweep to detect phase transitions and collapse structure
3.819584322098656,500,2.0,False,0.0,8,Elliptical,0.6,True,Dynamic,0.05,True,0.1,0.0,2025-05-07 11:41:02,Sweep to detect phase transitions and collapse structure
4.510346830245178,500,2.0,False,0.0,8,Elliptical,0.6,True,Dynamic,0.05,True,0.1,0.0,2025-05-07 11:41:02,Sweep to detect phase transitions and collapse structure
3.1395376650192537,500,2.0,False,0.0,8,Elliptical,0.6,True,Dynamic,0.05,True,0.1,0.0,2025-05-07 11:41:02,Sweep to detect phase transitions and collapse structure
-4.139318480709534,500,2.0,False,0.0,8,Elliptical,0.6,True,Dynamic,0.05,True,0.1,0.0,2025-05-07 11:41:02,Sweep to detect phase transitions and collapse structure
4.67019376365069,500,2.0,False,0.0,8,Elliptical,0.6,True,Dynamic,0.05,True,0.1,0.0,2025-05-07 11:41:02,Sweep to detect phase transitions and collapse structure
4.991598845197684,500,2.0,False,0.0,8,Elliptical,0.6,True,Dynamic,0.05,True,0.1,0.0,2025-05-07 11:41:02,Sweep to detect phase transitions and collapse structure
-4.000697804289464,500,2.0,False,0.0,8,Elliptical,0.6,True,Dynamic,0.05,True,0.1,0.0,2025-05-07 11:41:02,Sweep to detect phase transitions and collapse structure
4.093124733800369,500,2.0,False,0.0,8,Elliptical,0.6,True,Dynamic,0.05,True,0.1,0.0,2025-05-07 11:41:02,Sweep to detect phase transitions and collapse structure
-1.9691911976311682,500,2.0,False,0.0,8,Elliptical,0.6,True,Dynamic,0.05,True,0.1,0.0,2025-05-07 11:41:02,Sweep to detect phase transitions and collapse structure
-0.08637128935473877,500,2.0,False,0.0,8,Elliptical,0.6,True,Dynamic,0.05,True,0.1,0.0,2025-05-07 11:41:02,Sweep to detect phase transitions and collapse structure
-4.38985776267225,500,2.0,False,0.0,8,Elliptical,0.6,True,Dynamic,0.05,True,0.1,0.0,2025-05-07 11:41:02,Sweep to detect phase transitions and collapse structure
1.1598332369370807,500,2.0,False,0.0,8,Elliptical,0.6,True,Dynamic,0.05,True,0.1,0.0,2025-05-07 11:41:02,Sweep to detect phase transitions and collapse structure
4.368301234277072,500,2.0,False,0.0,8,Elliptical,0.6,True,Dynamic,0.05,True,0.1,0.0,2025-05-07 11:41:02,Sweep to detect phase transitions and collapse structure
3.8382546583734958,500,2.0,False,0.0,8,Elliptical,0.6,True,Dynamic,0.05,True,0.1,0.0,2025-05-07 11:41:02,Sweep to detect phase transitions and collapse structure
-3.610103313947982,500,2.0,False,0.0,8,Elliptical,0.6,True,Dynamic,0.05,True,0.1,0.0,2025-05-07 11:41:02,Sweep to detect phase transitions and collapse structure
3.0841255027461423,500,2.0,False,0.0,8,Elliptical,0.6,True,Dynamic,0.05,True,0.1,0.0,2025-05-07 11:41:02,Sweep to detect phase transitions and collapse structure
-2.5403036041699094,500,2.0,False,0.0,8,Elliptical,0.6,True,Dynamic,0.05,True,0.1,0.0,2025-05-07 11:41:02,Sweep to detect phase transitions and collapse structure
-2.4754877473531804,500,2.0,False,0.0,8,Elliptical,0.6,True,Dynamic,0.05,True,0.1,0.0,2025-05-07 11:41:02,Sweep to detect phase transitions and collapse structure
-3.5889117524044853,500,2.0,False,0.0,8,Elliptical,0.6,True,Dynamic,0.05,True,0.1,0.0,2025-05-07 11:41:02,Sweep to detect phase transitions and collapse structure
-2.6934682464426887,500,2.0,False,0.0,8,Elliptical,0.6,True,Dynamic,0.05,True,0.1,0.0,2025-05-07 11:41:02,Sweep to detect phase transitions and collapse structure
-3.695309719601574,500,2.0,False,0.0,8,Elliptical,0.6,True,Dynamic,0.05,True,0.1,0.0,2025-05-07 11:41:02,Sweep to detect phase transitions and collapse structure
3.9915282716270957,500,2.0,False,0.0,8,Elliptical,0.6,True,Dynamic,0.05,True,0.1,0.0,2025-05-07 11:41:02,Sweep to detect phase transitions and collapse structure
4.877791585006241,500,2.0,False,0.0,8,Elliptical,0.6,True,Dynamic,0.05,True,0.1,0.0,2025-05-07 11:41:02,Sweep to detect phase transitions and collapse structure
3.69848153543655,500,2.0,False,0.0,8,Elliptical,0.6,True,Dynamic,0.05,True,0.1,0.0,2025-05-07 11:41:02,Sweep to detect phase transitions and collapse structure
-1.8309390768856146,500,2.0,False,0.0,8,Elliptical,0.6,True,Dynamic,0.05,True,0.1,0.0,2025-05-07 11:41:02,Sweep to detect phase transitions and collapse structure
-2.2178741802020916,500,2.0,False,0.0,8,Elliptical,0.6,True,Dynamic,0.05,True,0.1,0.0,2025-05-07 11:41:02,Sweep to detect phase transitions and collapse structure
-4.0670038714354435,500,2.0,False,0.0,8,Elliptical,0.6,True,Dynamic,0.05,True,0.1,0.0,2025-05-07 11:41:02,Sweep to detect phase transitions and collapse structure
-3.4997086129411956,500,2.0,False,0.0,8,Elliptical,0.6,True,Dynamic,0.05,True,0.1,0.0,2025-05-07 11:41:02,Sweep to detect phase transitions and collapse structure
-3.1398241772945337,500,2.0,False,0.0,8,Elliptical,0.6,True,Dynamic,0.05,True,0.1,0.0,2025-05-07 11:41:02,Sweep to detect phase transitions and collapse structure
3.3814675033438335,500,2.0,False,0.0,8,Elliptical,0.6,True,Dynamic,0.05,True,0.1,0.0,2025-05-07 11:41:02,Sweep to detect phase transitions and collapse structure
3.925523736461054,500,2.0,False,0.0,8,Elliptical,0.6,True,Dynamic,0.05,True,0.1,0.0,2025-05-07 11:41:02,Sweep to detect phase transitions and collapse structure
1.918493409272476,500,2.0,False,0.0,8,Elliptical,0.6,True,Dynamic,0.05,True,0.1,0.0,2025-05-07 11:41:02,Sweep to detect phase transitions and collapse structure
3.1534480217533574,500,2.0,False,0.0,8,Elliptical,0.6,True,Dynamic,0.05,True,0.1,0.0,2025-05-07 11:41:02,Sweep to detect phase transitions and collapse structure
-4.5771277465632565,500,2.0,False,0.0,8,Elliptical,0.6,True,Dynamic,0.05,True,0.1,0.0,2025-05-07 11:41:02,Sweep to detect phase transitions and collapse structure
-3.337218174108912,500,2.0,False,0.0,8,Elliptical,0.6,True,Dynamic,0.05,True,0.1,0.0,2025-05-07 11:41:02,Sweep to detect phase transitions and collapse structure
3.751773018574308,500,2.0,False,0.0,8,Elliptical,0.6,True,Dynamic,0.05,True,0.1,0.0,2025-05-07 11:41:02,Sweep to detect phase transitions and collapse structure
-3.8904523572461884,500,2.0,False,0.0,8,Elliptical,0.6,True,Dynamic,0.05,True,0.1,0.0,2025-05-07 11:41:02,Sweep to detect phase transitions and collapse structure
5.02330885367449,500,2.0,False,0.0,8,Elliptical,0.6,True,Dynamic,0.05,True,0.1,0.0,2025-05-07 11:41:02,Sweep to detect phase transitions and collapse structure
2.4891067951183787,500,2.0,False,0.0,8,Elliptical,0.6,True,Dynamic,0.05,True,0.1,0.0,2025-05-07 11:41:02,Sweep to detect phase transitions and collapse structure
3.8688468403638554,500,2.0,False,0.0,8,Elliptical,0.6,True,Dynamic,0.05,True,0.1,0.0,2025-05-07 11:41:02,Sweep to detect phase transitions and collapse structure
-2.555562489033703,500,2.0,False,0.0,8,Elliptical,0.6,True,Dynamic,0.05,True,0.1,0.0,2025-05-07 11:41:02,Sweep to detect phase transitions and collapse structure
-1.5328042272266114,500,2.0,False,0.0,8,Elliptical,0.6,True,Dynamic,0.05,True,0.1,0.0,2025-05-07 11:41:02,Sweep to detect phase transitions and collapse structure
-4.4089542959270815,500,2.0,False,0.0,8,Elliptical,0.6,True,Dynamic,0.05,True,0.1,0.0,2025-05-07 11:41:02,Sweep to detect phase transitions and collapse structure
-3.849031630559552,500,2.0,False,0.0,8,Elliptical,0.6,True,Dynamic,0.05,True,0.1,0.0,2025-05-07 11:41:02,Sweep to detect phase transitions and collapse structure
4.384604103339155,500,2.0,False,0.0,8,Elliptical,0.6,True,Dynamic,0.05,True,0.1,0.0,2025-05-07 11:41:02,Sweep to detect phase transitions and collapse structure
-4.35147391094625,500,2.0,False,0.0,8,Elliptical,0.6,True,Dynamic,0.05,True,0.1,0.0,2025-05-07 11:41:02,Sweep to detect phase transitions and collapse structure
-2.9939272565748,500,2.0,False,0.0,8,Elliptical,0.6,True,Dynamic,0.05,True,0.1,0.0,2025-05-07 11:41:02,Sweep to detect phase transitions and collapse structure
4.167456332021294,500,2.0,False,0.0,8,Elliptical,0.6,True,Dynamic,0.05,True,0.1,0.0,2025-05-07 11:41:02,Sweep to detect phase transitions and collapse structure
-2.3493712503337605,500,2.0,False,0.0,8,Elliptical,0.6,True,Dynamic,0.05,True,0.1,0.0,2025-05-07 11:41:02,Sweep to detect phase transitions and collapse structure
-4.133046220337486,500,2.0,False,0.0,8,Elliptical,0.6,True,Dynamic,0.05,True,0.1,0.0,2025-05-07 11:41:02,Sweep to detect phase transitions and collapse structure
2.8545529385928257,500,2.0,False,0.0,8,Elliptical,0.6,True,Dynamic,0.05,True,0.1,0.0,2025-05-07 11:41:02,Sweep to detect phase transitions and collapse structure
3.2589710407775456,500,2.0,False,0.0,8,Elliptical,0.6,True,Dynamic,0.05,True,0.1,0.0,2025-05-07 11:41:02,Sweep to detect phase transitions and collapse structure
4.166749262685606,500,2.0,False,0.0,8,Elliptical,0.6,True,Dynamic,0.05,True,0.1,0.0,2025-05-07 11:41:02,Sweep to detect phase transitions and collapse structure
-4.819392706683216,500,2.0,False,0.0,8,Elliptical,0.6,True,Dynamic,0.05,True,0.1,0.0,2025-05-07 11:41:02,Sweep to detect phase transitions and collapse structure
-3.0695434635991203,500,2.0,False,0.0,8,Elliptical,0.6,True,Dynamic,0.05,True,0.1,0.0,2025-05-07 11:41:02,Sweep to detect phase transitions and collapse structure
3.4091364819197985,500,2.0,False,0.0,8,Elliptical,0.6,True,Dynamic,0.05,True,0.1,0.0,2025-05-07 11:41:02,Sweep to detect phase transitions and collapse structure
-4.359595138790764,500,2.0,False,0.0,8,Elliptical,0.6,True,Dynamic,0.05,True,0.1,0.0,2025-05-07 11:41:02,Sweep to detect phase transitions and collapse structure
-3.7904066075391807,500,2.0,False,0.0,8,Elliptical,0.6,True,Dynamic,0.05,True,0.1,0.0,2025-05-07 11:41:02,Sweep to detect phase transitions and collapse structure
4.110863466872705,500,2.0,False,0.0,8,Elliptical,0.6,True,Dynamic,0.05,True,0.1,0.0,2025-05-07 11:41:02,Sweep to detect phase transitions and collapse structure
3.532157948003698,500,2.0,False,0.0,8,Elliptical,0.6,True,Dynamic,0.05,True,0.1,0.0,2025-05-07 11:41:02,Sweep to detect phase transitions and collapse structure
2.2566155417506,500,2.0,False,0.0,8,Elliptical,0.6,True,Dynamic,0.05,True,0.1,0.0,2025-05-07 11:41:02,Sweep to detect phase transitions and collapse structure
-4.628131137229968,500,2.0,False,0.0,8,Elliptical,0.6,True,Dynamic,0.05,True,0.1,0.0,2025-05-07 11:41:02,Sweep to detect phase transitions and collapse structure
5.117774214787591,500,2.0,False,0.0,8,Elliptical,0.6,True,Dynamic,0.05,True,0.1,0.0,2025-05-07 11:41:02,Sweep to detect phase transitions and collapse structure
-3.5535144971594,500,2.0,False,0.0,8,Elliptical,0.6,True,Dynamic,0.05,True,0.1,0.0,2025-05-07 11:41:02,Sweep to detect phase transitions and collapse structure
-2.803090317003185,500,2.0,False,0.0,8,Elliptical,0.6,True,Dynamic,0.05,True,0.1,0.0,2025-05-07 11:41:02,Sweep to detect phase transitions and collapse structure
-3.745177345278957,500,2.0,False,0.0,8,Elliptical,0.6,True,Dynamic,0.05,True,0.1,0.0,2025-05-07 11:41:02,Sweep to detect phase transitions and collapse structure
-3.3646934526727112,500,2.0,False,0.0,8,Elliptical,0.6,True,Dynamic,0.05,True,0.1,0.0,2025-05-07 11:41:02,Sweep to detect phase transitions and collapse structure
-4.539846800954791,500,2.0,False,0.0,8,Elliptical,0.6,True,Dynamic,0.05,True,0.1,0.0,2025-05-07 11:41:02,Sweep to detect phase transitions and collapse structure
-4.8537714512124905,500,2.0,False,0.0,8,Elliptical,0.6,True,Dynamic,0.05,True,0.1,0.0,2025-05-07 11:41:02,Sweep to detect phase transitions and collapse structure
-1.3764127378290585,500,2.0,False,0.0,8,Elliptical,0.6,True,Dynamic,0.05,True,0.1,0.0,2025-05-07 11:41:02,Sweep to detect phase transitions and collapse structure
-3.2854098601665793,500,2.0,False,0.0,8,Elliptical,0.6,True,Dynamic,0.05,True,0.1,0.0,2025-05-07 11:41:02,Sweep to detect phase transitions and collapse structure
-2.277648634906381,500,2.0,False,0.0,8,Elliptical,0.6,True,Dynamic,0.05,True,0.1,0.0,2025-05-07 11:41:02,Sweep to detect phase transitions and collapse structure
2.5335238688169595,500,2.0,False,0.0,8,Elliptical,0.6,True,Dynamic,0.05,True,0.1,0.0,2025-05-07 11:41:02,Sweep to detect phase transitions and collapse structure
4.8749808143773805,500,2.0,False,0.0,8,Elliptical,0.6,True,Dynamic,0.05,True,0.1,0.0,2025-05-07 11:41:02,Sweep to detect phase transitions and collapse structure
4.1440353108903025,500,2.0,False,0.0,8,Elliptical,0.6,True,Dynamic,0.05,True,0.1,0.0,2025-05-07 11:41:02,Sweep to detect phase transitions and collapse structure
-3.171241582412347,500,2.0,False,0.0,8,Elliptical,0.6,True,Dynamic,0.05,True,0.1,0.0,2025-05-07 11:41:02,Sweep to detect phase transitions and collapse structure
2.9228303495740726,500,2.0,False,0.0,8,Elliptical,0.6,True,Dynamic,0.05,True,0.1,0.0,2025-05-07 11:41:02,Sweep to detect phase transitions and collapse structure
-2.2394382996630644,500,2.0,False,0.0,8,Elliptical,0.6,True,Dynamic,0.05,True,0.1,0.0,2025-05-07 11:41:02,Sweep to detect phase transitions and collapse structure
3.904656910527572,500,2.0,False,0.0,8,Elliptical,0.6,True,Dynamic,0.05,True,0.1,0.0,2025-05-07 11:41:02,Sweep to detect phase transitions and collapse structure
3.112022538885448,500,2.0,False,0.0,8,Elliptical,0.6,True,Dynamic,0.05,True,0.1,0.0,2025-05-07 11:41:02,Sweep to detect phase transitions and collapse structure
4.940656676357606,500,2.0,False,0.0,8,Elliptical,0.6,True,Dynamic,0.05,True,0.1,0.0,2025-05-07 11:41:02,Sweep to detect phase transitions and collapse structure
-3.282318525447092,500,2.0,False,0.0,8,Elliptical,0.6,True,Dynamic,0.05,True,0.1,0.0,2025-05-07 11:41:02,Sweep to detect phase transitions and collapse structure
-0.03958662948668551,500,2.0,False,0.0,8,Elliptical,0.6,True,Dynamic,0.05,True,0.1,0.0,2025-05-07 11:41:02,Sweep to detect phase transitions and collapse structure
4.624322302026527,500,2.0,False,0.0,8,Elliptical,0.6,True,Dynamic,0.05,True,0.1,0.0,2025-05-07 11:41:02,Sweep to detect phase transitions and collapse structure
-0.08340340022015917,500,2.0,False,0.0,8,Elliptical,0.6,True,Dynamic,0.05,True,0.1,0.0,2025-05-07 11:41:02,Sweep to detect phase transitions and collapse structure
-4.652764614489587,500,2.0,False,0.0,8,Elliptical,0.6,True,Dynamic,0.05,True,0.1,0.0,2025-05-07 11:41:02,Sweep to detect phase transitions and collapse structure
4.925340708755565,500,2.0,False,0.0,8,Elliptical,0.6,True,Dynamic,0.05,True,0.1,0.0,2025-05-07 11:41:02,Sweep to detect phase transitions and collapse structure
-3.5413298867488674,500,2.0,False,0.0,8,Elliptical,0.6,True,Dynamic,0.05,True,0.1,0.0,2025-05-07 11:41:02,Sweep to detect phase transitions and collapse structure
3.5370362968423428,500,2.0,False,0.0,8,Elliptical,0.6,True,Dynamic,0.05,True,0.1,0.0,2025-05-07 11:41:02,Sweep to detect phase transitions and collapse structure
-2.211864256196233,500,2.0,False,0.0,8,Elliptical,0.6,True,Dynamic,0.05,True,0.1,0.0,2025-05-07 11:41:02,Sweep to detect phase transitions and collapse structure
-2.9511850500231835,500,2.0,False,0.0,8,Elliptical,0.6,True,Dynamic,0.05,True,0.1,0.0,2025-05-07 11:41:02,Sweep to detect phase transitions and collapse structure
-3.830088064140097,500,2.0,False,0.0,8,Elliptical,0.6,True,Dynamic,0.05,True,0.1,0.0,2025-05-07 11:41:02,Sweep to detect phase transitions and collapse structure
-2.290675642604366,500,2.0,False,0.0,8,Elliptical,0.6,True,Dynamic,0.05,True,0.1,0.0,2025-05-07 11:41:02,Sweep to detect phase transitions and collapse structure
4.597361889296082,500,2.0,False,0.0,8,Elliptical,0.6,True,Dynamic,0.05,True,0.1,0.0,2025-05-07 11:41:02,Sweep to detect phase transitions and collapse structure
-2.4530725794310664,500,2.0,False,0.0,8,Elliptical,0.6,True,Dynamic,0.05,True,0.1,0.0,2025-05-07 11:41:02,Sweep to detect phase transitions and collapse structure
4.1779413158469065,500,2.0,False,0.0,8,Elliptical,0.6,True,Dynamic,0.05,True,0.1,0.0,2025-05-07 11:41:02,Sweep to detect phase transitions and collapse structure
-4.617926576805971,500,2.0,False,0.0,8,Elliptical,0.6,True,Dynamic,0.05,True,0.1,0.0,2025-05-07 11:41:02,Sweep to detect phase transitions and collapse structure
0.9519117430711967,500,2.0,False,0.0,8,Elliptical,0.6,True,Dynamic,0.05,True,0.1,0.0,2025-05-07 11:41:02,Sweep to detect phase transitions and collapse structure
3.276569414472702,500,2.0,False,0.0,8,Elliptical,0.6,True,Dynamic,0.05,True,0.1,0.0,2025-05-07 11:41:02,Sweep to detect phase transitions and collapse structure
-3.7304028787701693,500,2.0,False,0.0,8,Elliptical,0.6,True,Dynamic,0.05,True,0.1,0.0,2025-05-07 11:41:02,Sweep to detect phase transitions and collapse structure
-4.986050987217279,500,2.0,False,0.0,8,Elliptical,0.6,True,Dynamic,0.05,True,0.1,0.0,2025-05-07 11:41:02,Sweep to detect phase transitions and collapse structure
2.4954331208974927,500,2.0,False,0.0,8,Elliptical,0.6,True,Dynamic,0.05,True,0.1,0.0,2025-05-07 11:41:02,Sweep to detect phase transitions and collapse structure
-4.684270811076498,500,2.0,False,0.0,8,Elliptical,0.6,True,Dynamic,0.05,True,0.1,0.0,2025-05-07 11:41:02,Sweep to detect phase transitions and collapse structure
2.3877788719232766,500,2.0,False,0.0,8,Elliptical,0.6,True,Dynamic,0.05,True,0.1,0.0,2025-05-07 11:41:02,Sweep to detect phase transitions and collapse structure
-4.067075560178585,500,2.0,False,0.0,8,Elliptical,0.6,True,Dynamic,0.05,True,0.1,0.0,2025-05-07 11:41:02,Sweep to detect phase transitions and collapse structure
-4.007998988520686,500,2.0,False,0.0,8,Elliptical,0.6,True,Dynamic,0.05,True,0.1,0.0,2025-05-07 11:41:02,Sweep to detect phase transitions and collapse structure
4.105520469208957,500,2.0,False,0.0,8,Elliptical,0.6,True,Dynamic,0.05,True,0.1,0.0,2025-05-07 11:41:02,Sweep to detect phase transitions and collapse structure
3.7164942619300474,500,2.0,False,0.0,8,Elliptical,0.6,True,Dynamic,0.05,True,0.1,0.0,2025-05-07 11:41:02,Sweep to detect phase transitions and collapse structure
-2.375323228789895,500,2.0,False,0.0,8,Elliptical,0.6,True,Dynamic,0.05,True,0.1,0.0,2025-05-07 11:41:02,Sweep to detect phase transitions and collapse structure
3.566184633900668,500,2.0,False,0.0,8,Elliptical,0.6,True,Dynamic,0.05,True,0.1,0.0,2025-05-07 11:41:02,Sweep to detect phase transitions and collapse structure
3.3176170668712013,500,2.0,False,0.0,8,Elliptical,0.6,True,Dynamic,0.05,True,0.1,0.0,2025-05-07 11:41:02,Sweep to detect phase transitions and collapse structure
4.756902391683597,500,2.0,False,0.0,8,Elliptical,0.6,True,Dynamic,0.05,True,0.1,0.0,2025-05-07 11:41:02,Sweep to detect phase transitions and collapse structure
4.101439064395194,500,2.0,False,0.0,8,Elliptical,0.6,True,Dynamic,0.05,True,0.1,0.0,2025-05-07 11:41:02,Sweep to detect phase transitions and collapse structure
-1.1334758621617567,500,2.0,False,0.0,8,Elliptical,0.6,True,Dynamic,0.05,True,0.1,0.0,2025-05-07 11:41:02,Sweep to detect phase transitions and collapse structure
-2.679127235262797,500,2.0,False,0.0,8,Elliptical,0.6,True,Dynamic,0.05,True,0.1,0.0,2025-05-07 11:41:02,Sweep to detect phase transitions and collapse structure
-2.402104661560643,500,2.0,False,0.0,8,Elliptical,0.6,True,Dynamic,0.05,True,0.1,0.0,2025-05-07 11:41:02,Sweep to detect phase transitions and collapse structure
-1.316834349073249,500,2.0,False,0.0,8,Elliptical,0.6,True,Dynamic,0.05,True,0.1,0.0,2025-05-07 11:41:02,Sweep to detect phase transitions and collapse structure
4.016685511052878,500,2.0,False,0.0,8,Elliptical,0.6,True,Dynamic,0.05,True,0.1,0.0,2025-05-07 11:41:02,Sweep to detect phase transitions and collapse structure
-2.8658619688009437,500,2.0,False,0.0,8,Elliptical,0.6,True,Dynamic,0.05,True,0.1,0.0,2025-05-07 11:41:02,Sweep to detect phase transitions and collapse structure
-2.872083152986873,500,2.0,False,0.0,8,Elliptical,0.6,True,Dynamic,0.05,True,0.1,0.0,2025-05-07 11:41:02,Sweep to detect phase transitions and collapse structure
3.0454518124991194,500,2.0,False,0.0,8,Elliptical,0.6,True,Dynamic,0.05,True,0.1,0.0,2025-05-07 11:41:02,Sweep to detect phase transitions and collapse structure
4.617313896101926,500,2.0,False,0.0,8,Elliptical,0.6,True,Dynamic,0.05,True,0.1,0.0,2025-05-07 11:41:02,Sweep to detect phase transitions and collapse structure
-3.2760923047886785,500,2.0,False,0.0,8,Elliptical,0.6,True,Dynamic,0.05,True,0.1,0.0,2025-05-07 11:41:02,Sweep to detect phase transitions and collapse structure
-4.067146590583598,500,2.0,False,0.0,8,Elliptical,0.6,True,Dynamic,0.05,True,0.1,0.0,2025-05-07 11:41:02,Sweep to detect phase transitions and collapse structure
4.098817287806217,500,2.0,False,0.0,8,Elliptical,0.6,True,Dynamic,0.05,True,0.1,0.0,2025-05-07 11:41:02,Sweep to detect phase transitions and collapse structure
4.64678696046319,500,2.0,False,0.0,8,Elliptical,0.6,True,Dynamic,0.05,True,0.1,0.0,2025-05-07 11:41:02,Sweep to detect phase transitions and collapse structure
-4.066366255396817,500,2.0,False,0.0,8,Elliptical,0.6,True,Dynamic,0.05,True,0.1,0.0,2025-05-07 11:41:02,Sweep to detect phase transitions and collapse structure
-2.9477870239733552,500,2.0,False,0.0,8,Elliptical,0.6,True,Dynamic,0.05,True,0.1,0.0,2025-05-07 11:41:02,Sweep to detect phase transitions and collapse structure
-3.6624552441578695,500,2.0,False,0.0,8,Elliptical,0.6,True,Dynamic,0.05,True,0.1,0.0,2025-05-07 11:41:02,Sweep to detect phase transitions and collapse structure
4.522335736642662,500,2.0,False,0.0,8,Elliptical,0.6,True,Dynamic,0.05,True,0.1,0.0,2025-05-07 11:41:02,Sweep to detect phase transitions and collapse structure
-1.2775866608412598,500,2.0,False,0.0,8,Elliptical,0.6,True,Dynamic,0.05,True,0.1,0.0,2025-05-07 11:41:02,Sweep to detect phase transitions and collapse structure
4.894366617246153,500,2.0,False,0.0,8,Elliptical,0.6,True,Dynamic,0.05,True,0.1,0.0,2025-05-07 11:41:02,Sweep to detect phase transitions and collapse structure
1.8519229826335517,500,2.0,False,0.0,8,Elliptical,0.6,True,Dynamic,0.05,True,0.1,0.0,2025-05-07 11:41:02,Sweep to detect phase transitions and collapse structure
2.631379765611053,500,2.0,False,0.0,8,Elliptical,0.6,True,Dynamic,0.05,True,0.1,0.0,2025-05-07 11:41:02,Sweep to detect phase transitions and collapse structure
-3.297854263932871,500,2.0,False,0.0,8,Elliptical,0.6,True,Dynamic,0.05,True,0.1,0.0,2025-05-07 11:41:02,Sweep to detect phase transitions and collapse structure
3.9787360800372453,500,2.0,False,0.0,8,Elliptical,0.6,True,Dynamic,0.05,True,0.1,0.0,2025-05-07 11:41:02,Sweep to detect phase transitions and collapse structure
-3.994029004003932,500,2.0,False,0.0,8,Elliptical,0.6,True,Dynamic,0.05,True,0.1,0.0,2025-05-07 11:41:02,Sweep to detect phase transitions and collapse structure
-2.5113075064084853,500,2.0,False,0.0,8,Elliptical,0.6,True,Dynamic,0.05,True,0.1,0.0,2025-05-07 11:41:02,Sweep to detect phase transitions and collapse structure
-4.904114613471959,500,2.0,False,0.0,8,Elliptical,0.6,True,Dynamic,0.05,True,0.1,0.0,2025-05-07 11:41:02,Sweep to detect phase transitions and collapse structure
2.9221787088358133,500,2.0,False,0.0,8,Elliptical,0.6,True,Dynamic,0.05,True,0.1,0.0,2025-05-07 11:41:02,Sweep to detect phase transitions and collapse structure
2.754753971917742,500,2.0,False,0.0,8,Elliptical,0.6,True,Dynamic,0.05,True,0.1,0.0,2025-05-07 11:41:02,Sweep to detect phase transitions and collapse structure
-3.701944875555787,500,2.0,False,0.0,8,Elliptical,0.6,True,Dynamic,0.05,True,0.1,0.0,2025-05-07 11:41:02,Sweep to detect phase transitions and collapse structure
-4.363724259615081,500,2.0,False,0.0,8,Elliptical,0.6,True,Dynamic,0.05,True,0.1,0.0,2025-05-07 11:41:02,Sweep to detect phase transitions and collapse structure
3.1697692420349126,500,2.0,False,0.0,8,Elliptical,0.6,True,Dynamic,0.05,True,0.1,0.0,2025-05-07 11:41:02,Sweep to detect phase transitions and collapse structure
4.269033695804376,500,2.0,False,0.0,8,Elliptical,0.6,True,Dynamic,0.05,True,0.1,0.0,2025-05-07 11:41:02,Sweep to detect phase transitions and collapse structure
-3.24243848615451,500,2.0,False,0.0,8,Elliptical,0.6,True,Dynamic,0.05,True,0.1,0.0,2025-05-07 11:41:02,Sweep to detect phase transitions and collapse structure
-3.4281190886240345,500,2.0,False,0.0,8,Elliptical,0.6,True,Dynamic,0.05,True,0.1,0.0,2025-05-07 11:41:02,Sweep to detect phase transitions and collapse structure
1.3143750148119613,500,2.0,False,0.0,8,Elliptical,0.6,True,Dynamic,0.05,True,0.1,0.0,2025-05-07 11:41:02,Sweep to detect phase transitions and collapse structure
2.0449573753035697,500,2.0,False,0.0,8,Elliptical,0.6,True,Dynamic,0.05,True,0.1,0.0,2025-05-07 11:41:02,Sweep to detect phase transitions and collapse structure
-0.09463943837933186,500,2.0,False,0.0,8,Elliptical,0.6,True,Dynamic,0.05,True,0.1,0.0,2025-05-07 11:41:02,Sweep to detect phase transitions and collapse structure
3.5598372910475238,500,2.0,False,0.0,8,Elliptical,0.6,True,Dynamic,0.05,True,0.1,0.0,2025-05-07 11:41:02,Sweep to detect phase transitions and collapse structure
3.125507671805474,500,2.0,False,0.0,8,Elliptical,0.6,True,Dynamic,0.05,True,0.1,0.0,2025-05-07 11:41:02,Sweep to detect phase transitions and collapse structure
0.08653274486970636,500,2.0,False,0.0,8,Elliptical,0.6,True,Dynamic,0.05,True,0.1,0.0,2025-05-07 11:41:02,Sweep to detect phase transitions and collapse structure
3.926080742459601,500,2.0,False,0.0,8,Elliptical,0.6,True,Dynamic,0.05,True,0.1,0.0,2025-05-07 11:41:02,Sweep to detect phase transitions and collapse structure
-3.34316268284944,500,2.0,False,0.0,8,Elliptical,0.6,True,Dynamic,0.05,True,0.1,0.0,2025-05-07 11:41:02,Sweep to detect phase transitions and collapse structure
-4.179177285385933,500,2.0,False,0.0,8,Elliptical,0.6,True,Dynamic,0.05,True,0.1,0.0,2025-05-07 11:41:02,Sweep to detect phase transitions and collapse structure
-3.0984325450692425,500,2.0,False,0.0,8,Elliptical,0.6,True,Dynamic,0.05,True,0.1,0.0,2025-05-07 11:41:02,Sweep to detect phase transitions and collapse structure
2.009557483124115,500,2.0,False,0.0,8,Elliptical,0.6,True,Dynamic,0.05,True,0.1,0.0,2025-05-07 11:41:02,Sweep to detect phase transitions and collapse structure
-4.881715847747658,500,2.0,False,0.0,8,Elliptical,0.6,True,Dynamic,0.05,True,0.1,0.0,2025-05-07 11:41:02,Sweep to detect phase transitions and collapse structure
3.7950439511512597,500,2.0,False,0.0,8,Elliptical,0.6,True,Dynamic,0.05,True,0.1,0.0,2025-05-07 11:41:02,Sweep to detect phase transitions and collapse structure
3.36367333592571,500,2.0,False,0.0,8,Elliptical,0.6,True,Dynamic,0.05,True,0.1,0.0,2025-05-07 11:41:02,Sweep to detect phase transitions and collapse structure
4.685071089760308,500,2.0,False,0.0,8,Elliptical,0.6,True,Dynamic,0.05,True,0.1,0.0,2025-05-07 11:41:02,Sweep to detect phase transitions and collapse structure
3.0631870641967693,500,2.0,False,0.0,8,Elliptical,0.6,True,Dynamic,0.05,True,0.1,0.0,2025-05-07 11:41:02,Sweep to detect phase transitions and collapse structure
5.128134224305616,500,2.0,False,0.0,8,Elliptical,0.6,True,Dynamic,0.05,True,0.1,0.0,2025-05-07 11:41:02,Sweep to detect phase transitions and collapse structure
-3.684083493767245,500,2.0,False,0.0,8,Elliptical,0.6,True,Dynamic,0.05,True,0.1,0.0,2025-05-07 11:41:02,Sweep to detect phase transitions and collapse structure
-3.9412158644739312,500,2.0,False,0.0,8,Elliptical,0.6,True,Dynamic,0.05,True,0.1,0.0,2025-05-07 11:41:02,Sweep to detect phase transitions and collapse structure
-1.5342473134795274,500,2.0,False,0.0,8,Elliptical,0.6,True,Dynamic,0.05,True,0.1,0.0,2025-05-07 11:41:02,Sweep to detect phase transitions and collapse structure
-2.344079591091527,500,2.0,False,0.0,8,Elliptical,0.6,True,Dynamic,0.05,True,0.1,0.0,2025-05-07 11:41:02,Sweep to detect phase transitions and collapse structure
-3.3913405320273995,500,2.0,False,0.0,8,Elliptical,0.6,True,Dynamic,0.05,True,0.1,0.0,2025-05-07 11:41:02,Sweep to detect phase transitions and collapse structure
3.8892951790642436,500,2.0,False,0.0,8,Elliptical,0.6,True,Dynamic,0.05,True,0.1,0.0,2025-05-07 11:41:02,Sweep to detect phase transitions and collapse structure
0.872171808817259,500,2.0,False,0.0,8,Elliptical,0.6,True,Dynamic,0.05,True,0.1,0.0,2025-05-07 11:41:02,Sweep to detect phase transitions and collapse structure
-2.425231781318198,500,2.0,False,0.0,8,Elliptical,0.6,True,Dynamic,0.05,True,0.1,0.0,2025-05-07 11:41:02,Sweep to detect phase transitions and collapse structure
1.2971926028223157,500,2.0,False,0.0,8,Elliptical,0.6,True,Dynamic,0.05,True,0.1,0.0,2025-05-07 11:41:02,Sweep to detect phase transitions and collapse structure
3.4899328512325054,500,2.0,False,0.0,8,Elliptical,0.6,True,Dynamic,0.05,True,0.1,0.0,2025-05-07 11:41:02,Sweep to detect phase transitions and collapse structure
5.115658048054681,500,2.0,False,0.0,8,Elliptical,0.6,True,Dynamic,0.05,True,0.1,0.0,2025-05-07 11:41:02,Sweep to detect phase transitions and collapse structure
-2.428641795822042,500,2.0,False,0.0,8,Elliptical,0.6,True,Dynamic,0.05,True,0.1,0.0,2025-05-07 11:41:02,Sweep to detect phase transitions and collapse structure
-4.934552266513706,500,2.0,False,0.0,8,Elliptical,0.6,True,Dynamic,0.05,True,0.1,0.0,2025-05-07 11:41:02,Sweep to detect phase transitions and collapse structure
3.4166148352404995,500,2.0,False,0.0,8,Elliptical,0.6,True,Dynamic,0.05,True,0.1,0.0,2025-05-07 11:41:02,Sweep to detect phase transitions and collapse structure
-4.973010118367791,500,2.0,False,0.0,8,Elliptical,0.6,True,Dynamic,0.05,True,0.1,0.0,2025-05-07 11:41:02,Sweep to detect phase transitions and collapse structure
2.9558943777988977,500,2.0,False,0.0,8,Elliptical,0.6,True,Dynamic,0.05,True,0.1,0.0,2025-05-07 11:41:02,Sweep to detect phase transitions and collapse structure
4.367040166284489,500,2.0,False,0.0,8,Elliptical,0.6,True,Dynamic,0.05,True,0.1,0.0,2025-05-07 11:41:02,Sweep to detect phase transitions and collapse structure
4.124222847371964,500,2.0,False,0.0,8,Elliptical,0.6,True,Dynamic,0.05,True,0.1,0.0,2025-05-07 11:41:02,Sweep to detect phase transitions and collapse structure
4.365872326041295,500,2.0,False,0.0,8,Elliptical,0.6,True,Dynamic,0.05,True,0.1,0.0,2025-05-07 11:41:02,Sweep to detect phase transitions and collapse structure
0.06741849372411558,500,2.0,False,0.0,8,Elliptical,0.6,True,Dynamic,0.05,True,0.1,0.0,2025-05-07 11:41:02,Sweep to detect phase transitions and collapse structure
1.2200985685648453,500,2.0,False,0.0,8,Elliptical,0.6,True,Dynamic,0.05,True,0.1,0.0,2025-05-07 11:41:02,Sweep to detect phase transitions and collapse structure
-4.398583527481417,500,2.0,False,0.0,8,Elliptical,0.6,True,Dynamic,0.05,True,0.1,0.0,2025-05-07 11:41:02,Sweep to detect phase transitions and collapse structure
5.062086225242792,500,2.0,False,0.0,8,Elliptical,0.6,True,Dynamic,0.05,True,0.1,0.0,2025-05-07 11:41:02,Sweep to detect phase transitions and collapse structure
-3.524034618402169,500,2.0,False,0.0,8,Elliptical,0.6,True,Dynamic,0.05,True,0.1,0.0,2025-05-07 11:41:02,Sweep to detect phase transitions and collapse structure
3.986092720630947,500,2.0,False,0.0,8,Elliptical,0.6,True,Dynamic,0.05,True,0.1,0.0,2025-05-07 11:41:02,Sweep to detect phase transitions and collapse structure
1.1026720006928739,500,2.0,False,0.0,8,Elliptical,0.6,True,Dynamic,0.05,True,0.1,0.0,2025-05-07 11:41:02,Sweep to detect phase transitions and collapse structure
-3.820107538522644,500,2.0,False,0.0,8,Elliptical,0.6,True,Dynamic,0.05,True,0.1,0.0,2025-05-07 11:41:02,Sweep to detect phase transitions and collapse structure
3.127049697560709,500,2.0,False,0.0,8,Elliptical,0.6,True,Dynamic,0.05,True,0.1,0.0,2025-05-07 11:41:02,Sweep to detect phase transitions and collapse structure
-2.4637526348229826,500,2.0,False,0.0,8,Elliptical,0.6,True,Dynamic,0.05,True,0.1,0.0,2025-05-07 11:41:02,Sweep to detect phase transitions and collapse structure
-3.2459933116296673,500,2.0,False,0.0,8,Elliptical,0.6,True,Dynamic,0.05,True,0.1,0.0,2025-05-07 11:41:02,Sweep to detect phase transitions and collapse structure
-2.4257765210924274,500,2.0,False,0.0,8,Elliptical,0.6,True,Dynamic,0.05,True,0.1,0.0,2025-05-07 11:41:02,Sweep to detect phase transitions and collapse structure
0.34034213915602524,500,2.0,False,0.0,8,Elliptical,0.6,True,Dynamic,0.05,True,0.1,0.0,2025-05-07 11:41:02,Sweep to detect phase transitions and collapse structure
4.748135849382594,500,2.0,False,0.0,8,Elliptical,0.6,True,Dynamic,0.05,True,0.1,0.0,2025-05-07 11:41:02,Sweep to detect phase transitions and collapse structure
3.5249734454034964,500,2.0,False,0.0,8,Elliptical,0.6,True,Dynamic,0.05,True,0.1,0.0,2025-05-07 11:41:02,Sweep to detect phase transitions and collapse structure
-3.087156173562887,500,2.0,False,0.0,8,Elliptical,0.6,True,Dynamic,0.05,True,0.1,0.0,2025-05-07 11:41:02,Sweep to detect phase transitions and collapse structure
4.75627061902869,500,2.0,False,0.0,8,Elliptical,0.6,True,Dynamic,0.05,True,0.1,0.0,2025-05-07 11:41:02,Sweep to detect phase transitions and collapse structure
